year,state,state_po,state_fips,state_cen,state_ic,office,candidate,party_detailed,writein,candidatevotes,totalvotes,version,notes,party_simplified,pct,winning_party,candidate_last_name
2020,ALABAMA,AL,1,63,41,US PRESIDENT,"TRUMP, DONALD J.",REPUBLICAN,False,1441170,2323282,20210113,,REPUBLICAN,0.620316432,REPUBLICAN,TRUMP
2020,ALASKA,AK,2,94,81,US PRESIDENT,"TRUMP, DONALD J.",REPUBLICAN,False,189951,359530,20210113,,REPUBLICAN,0.528331433,REPUBLICAN,TRUMP
2020,ARIZONA,AZ,4,86,61,US PRESIDENT,"BIDEN, JOSEPH R. JR",DEMOCRAT,False,1672143,3387326,20210113,,DEMOCRAT,0.493646906,DEMOCRAT,BIDEN
2020,ARKANSAS,AR,5,71,42,US PRESIDENT,"TRUMP, DONALD J.",REPUBLICAN,False,760647,1219069,20210113,,REPUBLICAN,0.623957299,REPUBLICAN,TRUMP
2020,CALIFORNIA,CA,6,93,71,US PRESIDENT,"BIDEN, JOSEPH R. JR",DEMOCRAT,False,11110250,17500881,20210113,,DEMOCRAT,0.634839469,DEMOCRAT,BIDEN
2020,COLORADO,CO,8,84,62,US PRESIDENT,"BIDEN, JOSEPH R. JR",DEMOCRAT,False,1804352,3279980,20210113,,DEMOCRAT,0.550110671,DEMOCRAT,BIDEN
2020,CONNECTICUT,CT,9,16,1,US PRESIDENT,"BIDEN, JOSEPH R. JR",DEMOCRAT,False,1080831,1823857,20210113,,DEMOCRAT,0.592607315,DEMOCRAT,BIDEN
2020,DELAWARE,DE,10,51,11,US PRESIDENT,"BIDEN, JOSEPH R. JR",DEMOCRAT,False,296268,504346,20210113,,DEMOCRAT,0.587430058,DEMOCRAT,BIDEN
2020,DISTRICT OF COLUMBIA,DC,11,53,55,US PRESIDENT,"BIDEN, JOSEPH R. JR",DEMOCRAT,True,317323,344356,20210113,,DEMOCRAT,0.921496939,DEMOCRAT,BIDEN
2020,FLORIDA,FL,12,59,43,US PRESIDENT,"TRUMP, DONALD J.",REPUBLICAN,False,5668731,11067456,20210113,,REPUBLICAN,0.512198196,REPUBLICAN,TRUMP
2020,GEORGIA,GA,13,58,44,US PRESIDENT,"BIDEN, JOSEPH R. JR",DEMOCRAT,False,2473633,4999960,20210113,,DEMOCRAT,0.494730558,DEMOCRAT,BIDEN
2020,HAWAII,HI,15,95,82,US PRESIDENT,"BIDEN, JOSEPH R. JR",DEMOCRAT,False,366130,579784,20210113,,DEMOCRAT,0.631493798,DEMOCRAT,BIDEN
2020,IDAHO,ID,16,82,63,US PRESIDENT,"TRUMP, DONALD J.",REPUBLICAN,False,554119,868014,20210113,,REPUBLICAN,0.638375648,REPUBLICAN,TRUMP
2020,ILLINOIS,IL,17,33,21,US PRESIDENT,"BIDEN, JOSEPH R. JR",DEMOCRAT,False,3471915,6033743,20210113,,DEMOCRAT,0.575416454,DEMOCRAT,BIDEN
2020,INDIANA,IN,18,32,22,US PRESIDENT,"TRUMP, DONALD J.",REPUBLICAN,False,1729519,3033118,20210113,,REPUBLICAN,0.570211578,REPUBLICAN,TRUMP
2020,IOWA,IA,19,42,31,US PRESIDENT,"TRUMP, DONALD J.",REPUBLICAN,False,897672,1700130,20210113,,REPUBLICAN,0.528001976,REPUBLICAN,TRUMP
2020,KANSAS,KS,20,47,32,US PRESIDENT,"TRUMP, DONALD J.",REPUBLICAN,False,771406,1372303,20210113,,REPUBLICAN,0.562125128,REPUBLICAN,TRUMP
2020,KENTUCKY,KY,21,61,51,US PRESIDENT,"TRUMP, DONALD J.",REPUBLICAN,False,1326646,2136768,20210113,,REPUBLICAN,0.620865719,REPUBLICAN,TRUMP
2020,LOUISIANA,LA,22,72,45,US PRESIDENT,"TRUMP, DONALD J.",REPUBLICAN,False,1255776,2148062,20210113,,REPUBLICAN,0.584608824,REPUBLICAN,TRUMP
2020,MAINE,ME,23,11,2,US PRESIDENT,"BIDEN, JOSEPH R. JR",DEMOCRAT,False,435072,828305,20210113,,DEMOCRAT,0.525255793,DEMOCRAT,BIDEN
2020,MARYLAND,MD,24,52,52,US PRESIDENT,"BIDEN, JOSEPH R. JR",DEMOCRAT,False,1985023,3037030,20210113,,DEMOCRAT,0.653606649,DEMOCRAT,BIDEN
2020,MASSACHUSETTS,MA,25,14,3,US PRESIDENT,"BIDEN, JOSEPH R. JR",DEMOCRAT,False,2382202,3658005,20210113,,DEMOCRAT,0.651229837,DEMOCRAT,BIDEN
2020,MICHIGAN,MI,26,34,23,US PRESIDENT,"BIDEN, JOSEPH R. JR",DEMOCRAT,False,2804040,5539302,20210113,,DEMOCRAT,0.506208183,DEMOCRAT,BIDEN
2020,MINNESOTA,MN,27,41,33,US PRESIDENT,"BIDEN, JOSEPH R. JR",DEMOCRAT,False,1717077,3277171,20210113,,DEMOCRAT,0.523950993,DEMOCRAT,BIDEN
2020,MISSISSIPPI,MS,28,64,46,US PRESIDENT,"TRUMP, DONALD J.",REPUBLICAN,False,756764,1313759,20210113,,REPUBLICAN,0.576029546,REPUBLICAN,TRUMP
2020,MISSOURI,MO,29,43,34,US PRESIDENT,"TRUMP, DONALD J.",REPUBLICAN,False,1718736,3025962,20210113,,REPUBLICAN,0.567996558,REPUBLICAN,TRUMP
2020,MONTANA,MT,30,81,64,US PRESIDENT,"TRUMP, DONALD J.",REPUBLICAN,False,343602,603674,20210113,,REPUBLICAN,0.569184692,REPUBLICAN,TRUMP
2020,NEBRASKA,NE,31,46,35,US PRESIDENT,"TRUMP, DONALD J.",REPUBLICAN,False,556846,956383,20210113,,REPUBLICAN,0.582241633,REPUBLICAN,TRUMP
2020,NEVADA,NV,32,88,65,US PRESIDENT,"BIDEN, JOSEPH R. JR",DEMOCRAT,False,703486,1405376,20210113,,DEMOCRAT,0.50056782,DEMOCRAT,BIDEN
2020,NEW HAMPSHIRE,NH,33,12,4,US PRESIDENT,"BIDEN, JOSEPH R. JR",DEMOCRAT,False,424921,806182,20210113,,DEMOCRAT,0.527078253,DEMOCRAT,BIDEN
2020,NEW JERSEY,NJ,34,22,12,US PRESIDENT,"BIDEN, JOSEPH R. JR",DEMOCRAT,False,2608335,4549353,20210113,,DEMOCRAT,0.573341968,DEMOCRAT,BIDEN
2020,NEW MEXICO,NM,35,85,66,US PRESIDENT,"BIDEN, JOSEPH R. JR",DEMOCRAT,False,501614,923965,20210113,,DEMOCRAT,0.542892858,DEMOCRAT,BIDEN
2020,NEW YORK,NY,36,21,13,US PRESIDENT,"BIDEN, JOSEPH R. JR",DEMOCRAT,False,5230985,8661735,20210113,,DEMOCRAT,0.603918845,DEMOCRAT,BIDEN
2020,NORTH CAROLINA,NC,37,56,47,US PRESIDENT,"TRUMP, DONALD J.",REPUBLICAN,False,2758773,5524802,20210113,,REPUBLICAN,0.499343325,REPUBLICAN,TRUMP
2020,NORTH DAKOTA,ND,38,44,36,US PRESIDENT,"TRUMP, DONALD J.",REPUBLICAN,False,235595,361819,20210113,,REPUBLICAN,0.651140487,REPUBLICAN,TRUMP
2020,OHIO,OH,39,31,24,US PRESIDENT,"TRUMP, DONALD J.",REPUBLICAN,False,3154834,5922202,20210113,,REPUBLICAN,0.532713001,REPUBLICAN,TRUMP
2020,OKLAHOMA,OK,40,73,53,US PRESIDENT,"TRUMP, DONALD J.",REPUBLICAN,False,1020280,1560699,20210113,,REPUBLICAN,0.653732718,REPUBLICAN,TRUMP
2020,OREGON,OR,41,92,72,US PRESIDENT,"BIDEN, JOSEPH R. JR",DEMOCRAT,False,1340383,2374321,20210113,,DEMOCRAT,0.564533187,DEMOCRAT,BIDEN
2020,PENNSYLVANIA,PA,42,23,14,US PRESIDENT,"BIDEN, JOSEPH R. JR",DEMOCRAT,False,3458229,6915283,20210113,,DEMOCRAT,0.500084957,DEMOCRAT,BIDEN
2020,RHODE ISLAND,RI,44,15,5,US PRESIDENT,"BIDEN, JOSEPH R. JR",DEMOCRAT,False,307486,516990,20210113,,DEMOCRAT,0.594761988,DEMOCRAT,BIDEN
2020,SOUTH CAROLINA,SC,45,57,48,US PRESIDENT,"TRUMP, DONALD J.",REPUBLICAN,False,1385103,2514096,20210113,,REPUBLICAN,0.550934809,REPUBLICAN,TRUMP
2020,SOUTH DAKOTA,SD,46,45,37,US PRESIDENT,"TRUMP, DONALD J.",REPUBLICAN,False,261043,422609,20210113,,REPUBLICAN,0.617693897,REPUBLICAN,TRUMP
2020,TENNESSEE,TN,47,62,54,US PRESIDENT,"TRUMP, DONALD J.",REPUBLICAN,False,1852475,3053851,20210113,,REPUBLICAN,0.606602942,REPUBLICAN,TRUMP
2020,TEXAS,TX,48,74,49,US PRESIDENT,"TRUMP, DONALD J.",REPUBLICAN,False,5890347,11315056,20210113,,REPUBLICAN,0.520576036,REPUBLICAN,TRUMP
2020,UTAH,UT,49,87,67,US PRESIDENT,"TRUMP, DONALD J.",REPUBLICAN,False,865140,1488289,20210113,,REPUBLICAN,0.58129839,REPUBLICAN,TRUMP
2020,VERMONT,VT,50,13,6,US PRESIDENT,"BIDEN, JOSEPH R. JR",DEMOCRAT,False,242820,370968,20210113,,DEMOCRAT,0.654557806,DEMOCRAT,BIDEN
2020,VIRGINIA,VA,51,54,40,US PRESIDENT,"BIDEN, JOSEPH R. JR",DEMOCRAT,False,2413568,4460524,20210113,,DEMOCRAT,0.541095172,DEMOCRAT,BIDEN
2020,WASHINGTON,WA,53,91,73,US PRESIDENT,"BIDEN, JOSEPH R. JR",DEMOCRAT,False,2369612,4087631,20210113,,DEMOCRAT,0.579703011,DEMOCRAT,BIDEN
2020,WEST VIRGINIA,WV,54,55,56,US PRESIDENT,"TRUMP, DONALD J.",REPUBLICAN,False,545382,794652,20210113,,REPUBLICAN,0.686315519,REPUBLICAN,TRUMP
2020,WISCONSIN,WI,55,35,25,US PRESIDENT,"BIDEN, JOSEPH R. JR",DEMOCRAT,False,1630866,3298041,20210113,,DEMOCRAT,0.494495369,DEMOCRAT,BIDEN
2020,WYOMING,WY,56,83,68,US PRESIDENT,"TRUMP, DONALD J.",REPUBLICAN,False,193559,278503,20210113,,REPUBLICAN,0.694997899,REPUBLICAN,TRUMP
2016,ALABAMA,AL,1,63,41,US PRESIDENT,"TRUMP, DONALD J.",REPUBLICAN,False,1318255,2123372,20210113,,REPUBLICAN,0.620830924,REPUBLICAN,TRUMP
2016,ALASKA,AK,2,94,81,US PRESIDENT,"TRUMP, DONALD J.",REPUBLICAN,False,163387,318608,20210113,,REPUBLICAN,0.512815121,REPUBLICAN,TRUMP
2016,ARIZONA,AZ,4,86,61,US PRESIDENT,"TRUMP, DONALD J.",REPUBLICAN,False,1252401,2573165,20210113,,REPUBLICAN,0.486716165,REPUBLICAN,TRUMP
2016,ARKANSAS,AR,5,71,42,US PRESIDENT,"TRUMP, DONALD J.",REPUBLICAN,False,684872,1130635,20210113,,REPUBLICAN,0.605741022,REPUBLICAN,TRUMP
2016,CALIFORNIA,CA,6,93,71,US PRESIDENT,"CLINTON, HILLARY",DEMOCRAT,False,8753788,14181595,20210113,,DEMOCRAT,0.617263996,DEMOCRAT,CLINTON
2016,COLORADO,CO,8,84,62,US PRESIDENT,"CLINTON, HILLARY",DEMOCRAT,False,1338870,2780220,20210113,,DEMOCRAT,0.481569804,DEMOCRAT,CLINTON
2016,CONNECTICUT,CT,9,16,1,US PRESIDENT,"CLINTON, HILLARY",DEMOCRAT,False,897572,1644920,20210113,,DEMOCRAT,0.545663011,DEMOCRAT,CLINTON
2016,DELAWARE,DE,10,51,11,US PRESIDENT,"CLINTON, HILLARY",DEMOCRAT,False,235603,441590,20210113,,DEMOCRAT,0.533533368,DEMOCRAT,CLINTON
2016,DISTRICT OF COLUMBIA,DC,11,53,55,US PRESIDENT,"CLINTON, HILLARY",DEMOCRAT,False,282830,312575,20210113,,DEMOCRAT,0.904838839,DEMOCRAT,CLINTON
2016,FLORIDA,FL,12,59,43,US PRESIDENT,"TRUMP, DONALD J.",REPUBLICAN,False,4617886,9420039,20210113,,REPUBLICAN,0.490219414,REPUBLICAN,TRUMP
2016,GEORGIA,GA,13,58,44,US PRESIDENT,"TRUMP, DONALD J.",REPUBLICAN,False,2089104,4114732,20210113,,REPUBLICAN,0.507713261,REPUBLICAN,TRUMP
2016,HAWAII,HI,15,95,82,US PRESIDENT,"CLINTON, HILLARY",DEMOCRAT,False,266891,437664,20210113,,DEMOCRAT,0.609807981,DEMOCRAT,CLINTON
2016,IDAHO,ID,16,82,63,US PRESIDENT,"TRUMP, DONALD J.",REPUBLICAN,False,409055,690255,20210113,,REPUBLICAN,0.592614324,REPUBLICAN,TRUMP
2016,ILLINOIS,IL,17,33,21,US PRESIDENT,"CLINTON, HILLARY",DEMOCRAT,False,3090729,5536424,20210113,,DEMOCRAT,0.558253667,DEMOCRAT,CLINTON
2016,INDIANA,IN,18,32,22,US PRESIDENT,"TRUMP, DONALD J.",REPUBLICAN,False,1557286,2734958,20210113,,REPUBLICAN,0.569400334,REPUBLICAN,TRUMP
2016,IOWA,IA,19,42,31,US PRESIDENT,"TRUMP, DONALD J.",REPUBLICAN,False,800983,1565580,20210113,,REPUBLICAN,0.511620613,REPUBLICAN,TRUMP
2016,KANSAS,KS,20,47,32,US PRESIDENT,"TRUMP, DONALD J.",REPUBLICAN,False,671018,1184402,20210113,,REPUBLICAN,0.566545818,REPUBLICAN,TRUMP
2016,KENTUCKY,KY,21,61,51,US PRESIDENT,"TRUMP, DONALD J.",REPUBLICAN,False,1202971,1924149,20210113,,REPUBLICAN,0.625196386,REPUBLICAN,TRUMP
2016,LOUISIANA,LA,22,72,45,US PRESIDENT,"TRUMP, DONALD J.",REPUBLICAN,False,1178638,2029032,20210113,,REPUBLICAN,0.580886847,REPUBLICAN,TRUMP
2016,MAINE,ME,23,11,2,US PRESIDENT,"CLINTON, HILLARY",DEMOCRAT,False,357735,771892,20210113,,DEMOCRAT,0.463452141,DEMOCRAT,CLINTON
2016,MARYLAND,MD,24,52,52,US PRESIDENT,"CLINTON, HILLARY",DEMOCRAT,False,1677928,2781446,20210113,,DEMOCRAT,0.603257442,DEMOCRAT,CLINTON
2016,MASSACHUSETTS,MA,25,14,3,US PRESIDENT,"CLINTON, HILLARY",DEMOCRAT,False,1995196,3378821,20210113,,DEMOCRAT,0.590500651,DEMOCRAT,CLINTON
2016,MICHIGAN,MI,26,34,23,US PRESIDENT,"TRUMP, DONALD J.",REPUBLICAN,False,2279543,4799284,20210113,,REPUBLICAN,0.474975642,REPUBLICAN,TRUMP
2016,MINNESOTA,MN,27,41,33,US PRESIDENT,"CLINTON, HILLARY",DEMOCRAT,False,1367705,2944782,20210113,,DEMOCRAT,0.46445034,DEMOCRAT,CLINTON
2016,MISSISSIPPI,MS,28,64,46,US PRESIDENT,"TRUMP, DONALD J.",REPUBLICAN,False,700714,1209357,20210113,,REPUBLICAN,0.579410381,REPUBLICAN,TRUMP
2016,MISSOURI,MO,29,43,34,US PRESIDENT,"TRUMP, DONALD J.",REPUBLICAN,False,1594511,2808605,20210113,,REPUBLICAN,0.567723478,REPUBLICAN,TRUMP
2016,MONTANA,MT,30,81,64,US PRESIDENT,"TRUMP, DONALD J.",REPUBLICAN,False,279240,494526,20210113,,REPUBLICAN,0.564661919,REPUBLICAN,TRUMP
2016,NEBRASKA,NE,31,46,35,US PRESIDENT,"TRUMP, DONALD J.",REPUBLICAN,False,495961,844227,20210113,,REPUBLICAN,0.587473511,REPUBLICAN,TRUMP
2016,NEVADA,NV,32,88,65,US PRESIDENT,"CLINTON, HILLARY",DEMOCRAT,False,539260,1125385,20210113,,DEMOCRAT,0.479178237,DEMOCRAT,CLINTON
2016,NEW HAMPSHIRE,NH,33,12,4,US PRESIDENT,"CLINTON, HILLARY",DEMOCRAT,False,348526,744296,20210113,,DEMOCRAT,0.468262627,DEMOCRAT,CLINTON
2016,NEW JERSEY,NJ,34,22,12,US PRESIDENT,"CLINTON, HILLARY",DEMOCRAT,False,2148278,3874046,20210113,,DEMOCRAT,0.554530844,DEMOCRAT,CLINTON
2016,NEW MEXICO,NM,35,85,66,US PRESIDENT,"CLINTON, HILLARY",DEMOCRAT,False,385234,798319,20210113,,DEMOCRAT,0.482556472,DEMOCRAT,CLINTON
2016,NEW YORK,NY,36,21,13,US PRESIDENT,"CLINTON, HILLARY",DEMOCRAT,False,4379789,7802084,20210113,,DEMOCRAT,0.561361426,DEMOCRAT,CLINTON
2016,NORTH CAROLINA,NC,37,56,47,US PRESIDENT,"TRUMP, DONALD J.",REPUBLICAN,False,2362631,4741564,20210113,,REPUBLICAN,0.498280947,REPUBLICAN,TRUMP
2016,NORTH DAKOTA,ND,38,44,36,US PRESIDENT,"TRUMP, DONALD J.",REPUBLICAN,False,216794,344360,20210113,,REPUBLICAN,0.629556278,REPUBLICAN,TRUMP
2016,OHIO,OH,39,31,24,US PRESIDENT,"TRUMP, DONALD J.",REPUBLICAN,False,2841005,5496487,20210113,,REPUBLICAN,0.516876507,REPUBLICAN,TRUMP
2016,OKLAHOMA,OK,40,73,53,US PRESIDENT,"TRUMP, DONALD J.",REPUBLICAN,False,949136,1452992,20210113,,REPUBLICAN,0.653228648,REPUBLICAN,TRUMP
2016,OREGON,OR,41,92,72,US PRESIDENT,"CLINTON, HILLARY",DEMOCRAT,False,1002106,2001336,20210113,,DEMOCRAT,0.50071852,DEMOCRAT,CLINTON
2016,PENNSYLVANIA,PA,42,23,14,US PRESIDENT,"TRUMP, DONALD J.",REPUBLICAN,False,2970733,6115402,20210113,,REPUBLICAN,0.485778858,REPUBLICAN,TRUMP
2016,RHODE ISLAND,RI,44,15,5,US PRESIDENT,"CLINTON, HILLARY",DEMOCRAT,False,252525,464144,20210113,,DEMOCRAT,0.544066066,DEMOCRAT,CLINTON
2016,SOUTH CAROLINA,SC,45,57,48,US PRESIDENT,"TRUMP, DONALD J.",REPUBLICAN,False,1155389,2103027,20210113,,REPUBLICAN,0.549393327,REPUBLICAN,TRUMP
2016,SOUTH DAKOTA,SD,46,45,37,US PRESIDENT,"TRUMP, DONALD J.",REPUBLICAN,False,227721,370093,20210113,,REPUBLICAN,0.615307504,REPUBLICAN,TRUMP
2016,TENNESSEE,TN,47,62,54,US PRESIDENT,"TRUMP, DONALD J.",REPUBLICAN,False,1522925,2508027,20210113,,REPUBLICAN,0.607220337,REPUBLICAN,TRUMP
2016,TEXAS,TX,48,74,49,US PRESIDENT,"TRUMP, DONALD J.",REPUBLICAN,False,4685047,8969226,20210113,,REPUBLICAN,0.522346856,REPUBLICAN,TRUMP
2016,UTAH,UT,49,87,67,US PRESIDENT,"TRUMP, DONALD J.",REPUBLICAN,False,515211,1131317,20210113,,REPUBLICAN,0.455408166,REPUBLICAN,TRUMP
2016,VERMONT,VT,50,13,6,US PRESIDENT,"CLINTON, HILLARY",DEMOCRAT,False,178573,320467,20210113,,DEMOCRAT,0.557227421,DEMOCRAT,CLINTON
2016,VIRGINIA,VA,51,54,40,US PRESIDENT,"CLINTON, HILLARY",DEMOCRAT,False,1981473,3982752,20210113,,DEMOCRAT,0.497513528,DEMOCRAT,CLINTON
2016,WASHINGTON,WA,53,91,73,US PRESIDENT,"CLINTON, HILLARY",DEMOCRAT,False,1742718,3317019,20210113,,DEMOCRAT,0.525386801,DEMOCRAT,CLINTON
2016,WEST VIRGINIA,WV,54,55,56,US PRESIDENT,"TRUMP, DONALD J.",REPUBLICAN,False,489371,713051,20210113,,REPUBLICAN,0.686305748,REPUBLICAN,TRUMP
2016,WISCONSIN,WI,55,35,25,US PRESIDENT,"TRUMP, DONALD J.",REPUBLICAN,False,1405284,2976150,20210113,,REPUBLICAN,0.472181846,REPUBLICAN,TRUMP
2016,WYOMING,WY,56,83,68,US PRESIDENT,"TRUMP, DONALD J.",REPUBLICAN,False,174419,258788,20210113,,REPUBLICAN,0.673984111,REPUBLICAN,TRUMP
2012,ALABAMA,AL,1,63,41,US PRESIDENT,"ROMNEY, MITT",REPUBLICAN,False,1255925,2074338,20210113,,REPUBLICAN,0.605458223,REPUBLICAN,ROMNEY
2012,ALASKA,AK,2,94,81,US PRESIDENT,"ROMNEY, MITT",REPUBLICAN,False,164676,300495,20210113,,REPUBLICAN,0.548015774,REPUBLICAN,ROMNEY
2012,ARIZONA,AZ,4,86,61,US PRESIDENT,"ROMNEY, MITT",REPUBLICAN,False,1233654,2299254,20210113,,REPUBLICAN,0.536545332,REPUBLICAN,ROMNEY
2012,ARKANSAS,AR,5,71,42,US PRESIDENT,"ROMNEY, MITT",REPUBLICAN,False,647744,1069468,20210113,,REPUBLICAN,0.605669361,REPUBLICAN,ROMNEY
2012,CALIFORNIA,CA,6,93,71,US PRESIDENT,"OBAMA, BARACK H.",DEMOCRAT,False,7854285,13038547,20210113,,DEMOCRAT,0.602389591,DEMOCRAT,OBAMA
2012,COLORADO,CO,8,84,62,US PRESIDENT,"OBAMA, BARACK H.",DEMOCRAT,False,1323101,2569516,20210113,,DEMOCRAT,0.514922266,DEMOCRAT,OBAMA
2012,CONNECTICUT,CT,9,16,1,US PRESIDENT,"OBAMA, BARACK H.",DEMOCRAT,False,905083,1558204,20210113,,DEMOCRAT,0.580850133,DEMOCRAT,OBAMA
2012,DELAWARE,DE,10,51,11,US PRESIDENT,"OBAMA, BARACK H.",DEMOCRAT,False,242584,413890,20210113,,DEMOCRAT,0.58610742,DEMOCRAT,OBAMA
2012,DISTRICT OF COLUMBIA,DC,11,53,55,US PRESIDENT,"OBAMA, BARACK H.",DEMOCRAT,False,267070,293764,20210113,,DEMOCRAT,0.909131139,DEMOCRAT,OBAMA
2012,FLORIDA,FL,12,59,43,US PRESIDENT,"OBAMA, BARACK H.",DEMOCRAT,False,4237756,8474179,20210113,,DEMOCRAT,0.500078651,DEMOCRAT,OBAMA
2012,GEORGIA,GA,13,58,44,US PRESIDENT,"ROMNEY, MITT",REPUBLICAN,False,2078688,3897839,20210113,,REPUBLICAN,0.533292422,REPUBLICAN,ROMNEY
2012,HAWAII,HI,15,95,82,US PRESIDENT,"OBAMA, BARACK H.",DEMOCRAT,False,306658,437159,20210113,,DEMOCRAT,0.701479324,DEMOCRAT,OBAMA
2012,IDAHO,ID,16,82,63,US PRESIDENT,"ROMNEY, MITT",REPUBLICAN,False,420911,652274,20210113,,REPUBLICAN,0.645297835,REPUBLICAN,ROMNEY
2012,ILLINOIS,IL,17,33,21,US PRESIDENT,"OBAMA, BARACK H.",DEMOCRAT,False,3019512,5242014,20210113,,DEMOCRAT,0.576021354,DEMOCRAT,OBAMA
2012,INDIANA,IN,18,32,22,US PRESIDENT,"ROMNEY, MITT",REPUBLICAN,False,1420543,2624534,20210113,,REPUBLICAN,0.541255324,REPUBLICAN,ROMNEY
2012,IOWA,IA,19,42,31,US PRESIDENT,"OBAMA, BARACK H.",DEMOCRAT,False,822544,1582180,20210113,,DEMOCRAT,0.519880165,DEMOCRAT,OBAMA
2012,KANSAS,KS,20,47,32,US PRESIDENT,"ROMNEY, MITT",REPUBLICAN,False,692634,1159971,20210113,,REPUBLICAN,0.597113204,REPUBLICAN,ROMNEY
2012,KENTUCKY,KY,21,61,51,US PRESIDENT,"ROMNEY, MITT",REPUBLICAN,False,1087190,1797212,20210113,,REPUBLICAN,0.604931416,REPUBLICAN,ROMNEY
2012,LOUISIANA,LA,22,72,45,US PRESIDENT,"ROMNEY, MITT",REPUBLICAN,False,1152262,1994065,20210113,,REPUBLICAN,0.577845757,REPUBLICAN,ROMNEY
2012,MAINE,ME,23,11,2,US PRESIDENT,"OBAMA, BARACK H.",DEMOCRAT,False,401306,724758,20210113,,DEMOCRAT,0.553710342,DEMOCRAT,OBAMA
2012,MARYLAND,MD,24,52,52,US PRESIDENT,"OBAMA, BARACK H.",DEMOCRAT,False,1677844,2707327,20210113,,DEMOCRAT,0.619741908,DEMOCRAT,OBAMA
2012,MASSACHUSETTS,MA,25,14,3,US PRESIDENT,"OBAMA, BARACK H.",DEMOCRAT,False,1921290,3184196,20210113,,DEMOCRAT,0.603383083,DEMOCRAT,OBAMA
2012,MICHIGAN,MI,26,34,23,US PRESIDENT,"OBAMA, BARACK H.",DEMOCRAT,False,2564569,4730961,20210113,,DEMOCRAT,0.542082042,DEMOCRAT,OBAMA
2012,MINNESOTA,MN,27,41,33,US PRESIDENT,"OBAMA, BARACK H.",DEMOCRATIC-FARMER-LABOR,False,1546167,2936561,20210113,,DEMOCRAT,0.526523032,DEMOCRAT,OBAMA
2012,MISSISSIPPI,MS,28,64,46,US PRESIDENT,"ROMNEY, MITT",REPUBLICAN,False,710746,1285584,20210113,,REPUBLICAN,0.552858467,REPUBLICAN,ROMNEY
2012,MISSOURI,MO,29,43,34,US PRESIDENT,"ROMNEY, MITT",REPUBLICAN,False,1482440,2757323,20210113,,REPUBLICAN,0.537637411,REPUBLICAN,ROMNEY
2012,MONTANA,MT,30,81,64,US PRESIDENT,"ROMNEY, MITT",REPUBLICAN,False,267928,484048,20210113,,REPUBLICAN,0.553515354,REPUBLICAN,ROMNEY
2012,NEBRASKA,NE,31,46,35,US PRESIDENT,"ROMNEY, MITT",REPUBLICAN,False,475064,794379,20210113,,REPUBLICAN,0.598031922,REPUBLICAN,ROMNEY
2012,NEVADA,NV,32,88,65,US PRESIDENT,"OBAMA, BARACK H.",DEMOCRAT,False,531373,1014918,20210113,,DEMOCRAT,0.523562495,DEMOCRAT,OBAMA
2012,NEW HAMPSHIRE,NH,33,12,4,US PRESIDENT,"OBAMA, BARACK H.",DEMOCRAT,False,369561,710972,20210113,,DEMOCRAT,0.519796842,DEMOCRAT,OBAMA
2012,NEW JERSEY,NJ,34,22,12,US PRESIDENT,"OBAMA, BARACK H.",DEMOCRAT,False,2122786,3638499,20210113,,DEMOCRAT,0.583423549,DEMOCRAT,OBAMA
2012,NEW MEXICO,NM,35,85,66,US PRESIDENT,"OBAMA, BARACK H.",DEMOCRAT,False,415335,783758,20210113,,DEMOCRAT,0.529927605,DEMOCRAT,OBAMA
2012,NEW YORK,NY,36,21,13,US PRESIDENT,"OBAMA, BARACK H.",DEMOCRAT,False,4324228,7116784,20210113,,DEMOCRAT,0.607609842,DEMOCRAT,OBAMA
2012,NORTH CAROLINA,NC,37,56,47,US PRESIDENT,"ROMNEY, MITT",REPUBLICAN,False,2270395,4505372,20210113,,REPUBLICAN,0.503930641,REPUBLICAN,ROMNEY
2012,NORTH DAKOTA,ND,38,44,36,US PRESIDENT,"ROMNEY, MITT",REPUBLICAN,False,188320,322932,20210113,,REPUBLICAN,0.583156826,REPUBLICAN,ROMNEY
2012,OHIO,OH,39,31,24,US PRESIDENT,"OBAMA, BARACK H.",DEMOCRAT,False,2827621,5580822,20210113,,DEMOCRAT,0.506667477,DEMOCRAT,OBAMA
2012,OKLAHOMA,OK,40,73,53,US PRESIDENT,"ROMNEY, MITT",REPUBLICAN,False,891325,1334872,20210113,,REPUBLICAN,0.667723197,REPUBLICAN,ROMNEY
2012,OREGON,OR,41,92,72,US PRESIDENT,"OBAMA, BARACK H.",DEMOCRAT,False,970488,1789270,20210113,,DEMOCRAT,0.542393267,DEMOCRAT,OBAMA
2012,PENNSYLVANIA,PA,42,23,14,US PRESIDENT,"OBAMA, BARACK H.",DEMOCRAT,False,2990274,5742040,20210113,,DEMOCRAT,0.520768577,DEMOCRAT,OBAMA
2012,RHODE ISLAND,RI,44,15,5,US PRESIDENT,"OBAMA, BARACK H.",DEMOCRAT,False,279677,446049,20210113,,DEMOCRAT,0.627009589,DEMOCRAT,OBAMA
2012,SOUTH CAROLINA,SC,45,57,48,US PRESIDENT,"ROMNEY, MITT",REPUBLICAN,False,1071645,1964118,20210113,,REPUBLICAN,0.545611313,REPUBLICAN,ROMNEY
2012,SOUTH DAKOTA,SD,46,45,37,US PRESIDENT,"ROMNEY, MITT",REPUBLICAN,False,210610,363815,20210113,,REPUBLICAN,0.578893119,REPUBLICAN,ROMNEY
2012,TENNESSEE,TN,47,62,54,US PRESIDENT,"ROMNEY, MITT",REPUBLICAN,False,1462330,2458577,20210113,,REPUBLICAN,0.594787147,REPUBLICAN,ROMNEY
2012,TEXAS,TX,48,74,49,US PRESIDENT,"ROMNEY, MITT",REPUBLICAN,False,4569843,7993851,20210113,,REPUBLICAN,0.571669775,REPUBLICAN,ROMNEY
2012,UTAH,UT,49,87,67,US PRESIDENT,"ROMNEY, MITT",REPUBLICAN,False,740600,1017440,20210113,,REPUBLICAN,0.727905331,REPUBLICAN,ROMNEY
2012,VERMONT,VT,50,13,6,US PRESIDENT,"OBAMA, BARACK H.",DEMOCRAT,False,199239,299290,20210113,,DEMOCRAT,0.665705503,DEMOCRAT,OBAMA
2012,VIRGINIA,VA,51,54,40,US PRESIDENT,"OBAMA, BARACK H.",DEMOCRAT,False,1971820,3854489,20210113,,DEMOCRAT,0.511564568,DEMOCRAT,OBAMA
2012,WASHINGTON,WA,53,91,73,US PRESIDENT,"OBAMA, BARACK H.",DEMOCRAT,False,1755396,3125516,20210113,,DEMOCRAT,0.561633983,DEMOCRAT,OBAMA
2012,WEST VIRGINIA,WV,54,55,56,US PRESIDENT,"ROMNEY, MITT",REPUBLICAN,False,417655,670438,20210113,,REPUBLICAN,0.622958424,REPUBLICAN,ROMNEY
2012,WISCONSIN,WI,55,35,25,US PRESIDENT,"OBAMA, BARACK H.",DEMOCRAT,False,1620985,3071434,20210113,,DEMOCRAT,0.527761625,DEMOCRAT,OBAMA
2012,WYOMING,WY,56,83,68,US PRESIDENT,"ROMNEY, MITT",REPUBLICAN,False,170962,250701,20210113,,REPUBLICAN,0.681935852,REPUBLICAN,ROMNEY
2008,ALABAMA,AL,1,63,41,US PRESIDENT,"MCCAIN, JOHN",REPUBLICAN,False,1266546,2099819,20210113,,REPUBLICAN,0.60316913,REPUBLICAN,MCCAIN
2008,ALASKA,AK,2,94,81,US PRESIDENT,"MCCAIN, JOHN",REPUBLICAN,False,193841,326197,20210113,,REPUBLICAN,0.594245195,REPUBLICAN,MCCAIN
2008,ARIZONA,AZ,4,86,61,US PRESIDENT,"MCCAIN, JOHN",REPUBLICAN,False,1230111,2293475,20210113,,REPUBLICAN,0.536352478,REPUBLICAN,MCCAIN
2008,ARKANSAS,AR,5,71,42,US PRESIDENT,"MCCAIN, JOHN",REPUBLICAN,False,638017,1086617,20210113,,REPUBLICAN,0.587159045,REPUBLICAN,MCCAIN
2008,CALIFORNIA,CA,6,93,71,US PRESIDENT,"OBAMA, BARACK H.",DEMOCRAT,False,8274473,13561900,20210113,,DEMOCRAT,0.610126383,DEMOCRAT,OBAMA
2008,COLORADO,CO,8,84,62,US PRESIDENT,"OBAMA, BARACK H.",DEMOCRAT,False,1288576,2401361,20210113,,DEMOCRAT,0.536602368,DEMOCRAT,OBAMA
2008,CONNECTICUT,CT,9,16,1,US PRESIDENT,"OBAMA, BARACK H.",DEMOCRAT,False,997772,1646792,20210113,,DEMOCRAT,0.605888297,DEMOCRAT,OBAMA
2008,DELAWARE,DE,10,51,11,US PRESIDENT,"OBAMA, BARACK H.",DEMOCRAT,False,255459,412412,20210113,,DEMOCRAT,0.61942669,DEMOCRAT,OBAMA
2008,DISTRICT OF COLUMBIA,DC,11,53,55,US PRESIDENT,"OBAMA, BARACK H.",DEMOCRAT,False,245800,265853,20210113,,DEMOCRAT,0.924571098,DEMOCRAT,OBAMA
2008,FLORIDA,FL,12,59,43,US PRESIDENT,"OBAMA, BARACK H.",DEMOCRAT,False,4282074,8390744,20210113,,DEMOCRAT,0.510333053,DEMOCRAT,OBAMA
2008,GEORGIA,GA,13,58,44,US PRESIDENT,"MCCAIN, JOHN",REPUBLICAN,False,2048759,3924486,20210113,,REPUBLICAN,0.52204518,REPUBLICAN,MCCAIN
2008,HAWAII,HI,15,95,82,US PRESIDENT,"OBAMA, BARACK H.",DEMOCRAT,False,325871,456064,20210113,,DEMOCRAT,0.714529101,DEMOCRAT,OBAMA
2008,IDAHO,ID,16,82,63,US PRESIDENT,"MCCAIN, JOHN",REPUBLICAN,False,403012,655122,20210113,,REPUBLICAN,0.615170915,REPUBLICAN,MCCAIN
2008,ILLINOIS,IL,17,33,21,US PRESIDENT,"OBAMA, BARACK H.",DEMOCRAT,False,3419348,5522371,20210113,,DEMOCRAT,0.619181145,DEMOCRAT,OBAMA
2008,INDIANA,IN,18,32,22,US PRESIDENT,"OBAMA, BARACK H.",DEMOCRAT,False,1374039,2751054,20210113,,DEMOCRAT,0.499459116,DEMOCRAT,OBAMA
2008,IOWA,IA,19,42,31,US PRESIDENT,"OBAMA, BARACK H.",DEMOCRAT,False,828940,1537123,20210113,,DEMOCRAT,0.539280201,DEMOCRAT,OBAMA
2008,KANSAS,KS,20,47,32,US PRESIDENT,"MCCAIN, JOHN",REPUBLICAN,False,699655,1235872,20210113,,REPUBLICAN,0.566122543,REPUBLICAN,MCCAIN
2008,KENTUCKY,KY,21,61,51,US PRESIDENT,"MCCAIN, JOHN",REPUBLICAN,False,1048462,1826620,20210113,,REPUBLICAN,0.573990211,REPUBLICAN,MCCAIN
2008,LOUISIANA,LA,22,72,45,US PRESIDENT,"MCCAIN, JOHN",REPUBLICAN,False,1148275,1960761,20210113,,REPUBLICAN,0.585627213,REPUBLICAN,MCCAIN
2008,MAINE,ME,23,11,2,US PRESIDENT,"OBAMA, BARACK H.",DEMOCRAT,False,421923,731163,20210113,,DEMOCRAT,0.577057373,DEMOCRAT,OBAMA
2008,MARYLAND,MD,24,52,52,US PRESIDENT,"OBAMA, BARACK H.",DEMOCRAT,False,1629467,2631596,20210113,,DEMOCRAT,0.619193448,DEMOCRAT,OBAMA
2008,MASSACHUSETTS,MA,25,14,3,US PRESIDENT,"OBAMA, BARACK H.",DEMOCRAT,False,1904097,3102995,20210113,,DEMOCRAT,0.613631991,DEMOCRAT,OBAMA
2008,MICHIGAN,MI,26,34,23,US PRESIDENT,"OBAMA, BARACK H.",DEMOCRAT,False,2872579,5001596,20210113,,DEMOCRAT,0.574332473,DEMOCRAT,OBAMA
2008,MINNESOTA,MN,27,41,33,US PRESIDENT,"OBAMA, BARACK H.",DEMOCRAT,False,1573354,2910369,20210113,,DEMOCRAT,0.540602927,DEMOCRAT,OBAMA
2008,MISSISSIPPI,MS,28,64,46,US PRESIDENT,"MCCAIN, JOHN",REPUBLICAN,False,724597,1289865,20210113,,REPUBLICAN,0.56176189,REPUBLICAN,MCCAIN
2008,MISSOURI,MO,29,43,34,US PRESIDENT,"MCCAIN, JOHN",REPUBLICAN,False,1445814,2925205,20210113,,REPUBLICAN,0.494260744,REPUBLICAN,MCCAIN
2008,MONTANA,MT,30,81,64,US PRESIDENT,"MCCAIN, JOHN",REPUBLICAN,False,242763,490109,20210113,,REPUBLICAN,0.495324509,REPUBLICAN,MCCAIN
2008,NEBRASKA,NE,31,46,35,US PRESIDENT,"MCCAIN, JOHN",REPUBLICAN,False,452979,801281,20210113,,REPUBLICAN,0.565318534,REPUBLICAN,MCCAIN
2008,NEVADA,NV,32,88,65,US PRESIDENT,"OBAMA, BARACK H.",DEMOCRAT,False,533736,967848,20210113,,DEMOCRAT,0.551466759,DEMOCRAT,OBAMA
2008,NEW HAMPSHIRE,NH,33,12,4,US PRESIDENT,"OBAMA, BARACK H.",DEMOCRAT,False,384826,710970,20210113,,DEMOCRAT,0.541268971,DEMOCRAT,OBAMA
2008,NEW JERSEY,NJ,34,22,12,US PRESIDENT,"OBAMA, BARACK H.",DEMOCRAT,False,2215422,3868237,20210113,,DEMOCRAT,0.572721372,DEMOCRAT,OBAMA
2008,NEW MEXICO,NM,35,85,66,US PRESIDENT,"OBAMA, BARACK H.",DEMOCRAT,False,472422,830158,20210113,,DEMOCRAT,0.569074803,DEMOCRAT,OBAMA
2008,NEW YORK,NY,36,21,13,US PRESIDENT,"OBAMA, BARACK H.",DEMOCRAT,False,4645332,7722019,20210113,,DEMOCRAT,0.601569615,DEMOCRAT,OBAMA
2008,NORTH CAROLINA,NC,37,56,47,US PRESIDENT,"OBAMA, BARACK H.",DEMOCRAT,False,2142651,4310851,20210113,,DEMOCRAT,0.497036664,DEMOCRAT,OBAMA
2008,NORTH DAKOTA,ND,38,44,36,US PRESIDENT,"MCCAIN, JOHN",REPUBLICAN,False,168601,316621,20210113,,REPUBLICAN,0.532501003,REPUBLICAN,MCCAIN
2008,OHIO,OH,39,31,24,US PRESIDENT,"OBAMA, BARACK H.",DEMOCRAT,False,2940044,5708350,20210113,,DEMOCRAT,0.515042701,DEMOCRAT,OBAMA
2008,OKLAHOMA,OK,40,73,53,US PRESIDENT,"MCCAIN, JOHN",REPUBLICAN,False,960165,1462661,20210113,,REPUBLICAN,0.656450811,REPUBLICAN,MCCAIN
2008,OREGON,OR,41,92,72,US PRESIDENT,"OBAMA, BARACK H.",DEMOCRAT,False,1037291,1827864,20210113,,DEMOCRAT,0.567488063,DEMOCRAT,OBAMA
2008,PENNSYLVANIA,PA,42,23,14,US PRESIDENT,"OBAMA, BARACK H.",DEMOCRAT,False,3276363,6013272,20210113,,DEMOCRAT,0.54485528,DEMOCRAT,OBAMA
2008,RHODE ISLAND,RI,44,15,5,US PRESIDENT,"OBAMA, BARACK H.",DEMOCRAT,False,296571,471766,20210113,,DEMOCRAT,0.628640046,DEMOCRAT,OBAMA
2008,SOUTH CAROLINA,SC,45,57,48,US PRESIDENT,"MCCAIN, JOHN",REPUBLICAN,False,1034896,1920969,20210113,,REPUBLICAN,0.53873644,REPUBLICAN,MCCAIN
2008,SOUTH DAKOTA,SD,46,45,37,US PRESIDENT,"MCCAIN, JOHN",REPUBLICAN,False,203054,381975,20210113,,REPUBLICAN,0.531589764,REPUBLICAN,MCCAIN
2008,TENNESSEE,TN,47,62,54,US PRESIDENT,"MCCAIN, JOHN",REPUBLICAN,False,1479178,2599749,20210113,,REPUBLICAN,0.568969543,REPUBLICAN,MCCAIN
2008,TEXAS,TX,48,74,49,US PRESIDENT,"MCCAIN, JOHN",REPUBLICAN,False,4479328,8077795,20210113,,REPUBLICAN,0.554523605,REPUBLICAN,MCCAIN
2008,UTAH,UT,49,87,67,US PRESIDENT,"MCCAIN, JOHN",REPUBLICAN,False,596030,952370,20210113,,REPUBLICAN,0.625838697,REPUBLICAN,MCCAIN
2008,VERMONT,VT,50,13,6,US PRESIDENT,"OBAMA, BARACK H.",DEMOCRAT,False,219262,325046,20210113,,DEMOCRAT,0.674556832,DEMOCRAT,OBAMA
2008,VIRGINIA,VA,51,54,40,US PRESIDENT,"OBAMA, BARACK H.",DEMOCRAT,False,1959532,3723260,20210113,,DEMOCRAT,0.526294699,DEMOCRAT,OBAMA
2008,WASHINGTON,WA,53,91,73,US PRESIDENT,"OBAMA, BARACK H.",DEMOCRAT,False,1750848,3036878,20210113,,DEMOCRAT,0.576528922,DEMOCRAT,OBAMA
2008,WEST VIRGINIA,WV,54,55,56,US PRESIDENT,"MCCAIN, JOHN",REPUBLICAN,False,397466,713451,20210113,,REPUBLICAN,0.557103431,REPUBLICAN,MCCAIN
2008,WISCONSIN,WI,55,35,25,US PRESIDENT,"OBAMA, BARACK H.",DEMOCRAT,False,1677211,2983417,20210113,,DEMOCRAT,0.562177865,DEMOCRAT,OBAMA
2008,WYOMING,WY,56,83,68,US PRESIDENT,"MCCAIN, JOHN",REPUBLICAN,False,164958,254904,20210113,,REPUBLICAN,0.647137746,REPUBLICAN,MCCAIN
2004,ALABAMA,AL,1,63,41,US PRESIDENT,"BUSH, GEORGE W.",REPUBLICAN,False,1176394,1883415,20210113,,REPUBLICAN,0.624606898,REPUBLICAN,BUSH
2004,ALASKA,AK,2,94,81,US PRESIDENT,"BUSH, GEORGE W.",REPUBLICAN,False,190889,312598,20210113,,REPUBLICAN,0.610653299,REPUBLICAN,BUSH
2004,ARIZONA,AZ,4,86,61,US PRESIDENT,"BUSH, GEORGE W.",REPUBLICAN,False,1104294,2012585,20210113,,REPUBLICAN,0.548694341,REPUBLICAN,BUSH
2004,ARKANSAS,AR,5,71,42,US PRESIDENT,"BUSH, GEORGE W.",REPUBLICAN,False,572898,1054945,20210113,,REPUBLICAN,0.543059591,REPUBLICAN,BUSH
2004,CALIFORNIA,CA,6,93,71,US PRESIDENT,"KERRY, JOHN",DEMOCRAT,False,6745485,12421353,20210113,,DEMOCRAT,0.543055575,DEMOCRAT,KERRY
2004,COLORADO,CO,8,84,62,US PRESIDENT,"BUSH, GEORGE W.",REPUBLICAN,False,1101255,2129630,20210113,,REPUBLICAN,0.517110954,REPUBLICAN,BUSH
2004,CONNECTICUT,CT,9,16,1,US PRESIDENT,"KERRY, JOHN",DEMOCRAT,False,857488,1578769,20210113,,DEMOCRAT,0.54313709,DEMOCRAT,KERRY
2004,DELAWARE,DE,10,51,11,US PRESIDENT,"KERRY, JOHN",DEMOCRAT,False,200152,375190,20210113,,DEMOCRAT,0.533468376,DEMOCRAT,KERRY
2004,DISTRICT OF COLUMBIA,DC,11,53,55,US PRESIDENT,"KERRY, JOHN",DEMOCRAT,False,202970,227586,20210113,,DEMOCRAT,0.89183869,DEMOCRAT,KERRY
2004,FLORIDA,FL,12,59,43,US PRESIDENT,"BUSH, GEORGE W.",REPUBLICAN,False,3964522,7609810,20210113,,REPUBLICAN,0.520975162,REPUBLICAN,BUSH
2004,GEORGIA,GA,13,58,44,US PRESIDENT,"BUSH, GEORGE W.",REPUBLICAN,False,1914254,3301875,20210113,,REPUBLICAN,0.579747568,REPUBLICAN,BUSH
2004,HAWAII,HI,15,95,82,US PRESIDENT,"KERRY, JOHN",DEMOCRAT,False,231708,429013,20210113,,DEMOCRAT,0.540095522,DEMOCRAT,KERRY
2004,IDAHO,ID,16,82,63,US PRESIDENT,"BUSH, GEORGE W.",REPUBLICAN,False,409235,598376,20210113,,REPUBLICAN,0.683909448,REPUBLICAN,BUSH
2004,ILLINOIS,IL,17,33,21,US PRESIDENT,"KERRY, JOHN",DEMOCRAT,False,2891550,5274322,20210113,,DEMOCRAT,0.548231602,DEMOCRAT,KERRY
2004,INDIANA,IN,18,32,22,US PRESIDENT,"BUSH, GEORGE W.",REPUBLICAN,False,1479438,2468002,20210113,,REPUBLICAN,0.59944765,REPUBLICAN,BUSH
2004,IOWA,IA,19,42,31,US PRESIDENT,"BUSH, GEORGE W.",REPUBLICAN,False,751957,1506908,20210113,,REPUBLICAN,0.499006575,REPUBLICAN,BUSH
2004,KANSAS,KS,20,47,32,US PRESIDENT,"BUSH, GEORGE W.",REPUBLICAN,False,736456,1187756,20210113,,REPUBLICAN,0.620039806,REPUBLICAN,BUSH
2004,KENTUCKY,KY,21,61,51,US PRESIDENT,"BUSH, GEORGE W.",REPUBLICAN,False,1069439,1795882,20210113,,REPUBLICAN,0.595495138,REPUBLICAN,BUSH
2004,LOUISIANA,LA,22,72,45,US PRESIDENT,"BUSH, GEORGE W.",REPUBLICAN,False,1102169,1943106,20210113,,REPUBLICAN,0.567220213,REPUBLICAN,BUSH
2004,MAINE,ME,23,11,2,US PRESIDENT,"KERRY, JOHN",DEMOCRAT,False,396842,740752,20210113,,DEMOCRAT,0.535728557,DEMOCRAT,KERRY
2004,MARYLAND,MD,24,52,52,US PRESIDENT,"KERRY, JOHN",DEMOCRAT,False,1334493,2384238,20210113,,DEMOCRAT,0.559714676,DEMOCRAT,KERRY
2004,MASSACHUSETTS,MA,25,14,3,US PRESIDENT,"KERRY, JOHN",DEMOCRAT,False,1803800,2927455,20210113,,DEMOCRAT,0.616166602,DEMOCRAT,KERRY
2004,MICHIGAN,MI,26,34,23,US PRESIDENT,"KERRY, JOHN",DEMOCRAT,False,2479183,4839252,20210113,,DEMOCRAT,0.512307067,DEMOCRAT,KERRY
2004,MINNESOTA,MN,27,41,33,US PRESIDENT,"KERRY, JOHN",DEMOCRATIC-FARMER-LABOR,False,1445014,2828387,20210113,,DEMOCRAT,0.510896847,DEMOCRAT,KERRY
2004,MISSISSIPPI,MS,28,64,46,US PRESIDENT,"BUSH, GEORGE W.",REPUBLICAN,False,672660,1139824,20210113,,REPUBLICAN,0.590143741,REPUBLICAN,BUSH
2004,MISSOURI,MO,29,43,34,US PRESIDENT,"BUSH, GEORGE W.",REPUBLICAN,False,1455713,2731364,20210113,,REPUBLICAN,0.532961919,REPUBLICAN,BUSH
2004,MONTANA,MT,30,81,64,US PRESIDENT,"BUSH, GEORGE W.",REPUBLICAN,False,266063,450434,20210113,,REPUBLICAN,0.590681432,REPUBLICAN,BUSH
2004,NEBRASKA,NE,31,46,35,US PRESIDENT,"BUSH, GEORGE W.",REPUBLICAN,False,512814,778186,20210113,,REPUBLICAN,0.658986412,REPUBLICAN,BUSH
2004,NEVADA,NV,32,88,65,US PRESIDENT,"BUSH, GEORGE W.",REPUBLICAN,False,418690,829587,20210113,,REPUBLICAN,0.504696915,REPUBLICAN,BUSH
2004,NEW HAMPSHIRE,NH,33,12,4,US PRESIDENT,"KERRY, JOHN",DEMOCRAT,False,340511,678287,20210113,,DEMOCRAT,0.502016108,DEMOCRAT,KERRY
2004,NEW JERSEY,NJ,34,22,12,US PRESIDENT,"KERRY, JOHN",DEMOCRAT,False,1911430,3611691,20210113,,DEMOCRAT,0.52923409,DEMOCRAT,KERRY
2004,NEW MEXICO,NM,35,85,66,US PRESIDENT,"BUSH, GEORGE W.",REPUBLICAN,False,376930,756304,20210113,,REPUBLICAN,0.498384248,REPUBLICAN,BUSH
2004,NEW YORK,NY,36,21,13,US PRESIDENT,"KERRY, JOHN",DEMOCRAT,False,4180755,7448266,20210113,,DEMOCRAT,0.561305813,DEMOCRAT,KERRY
2004,NORTH CAROLINA,NC,37,56,47,US PRESIDENT,"BUSH, GEORGE W.",REPUBLICAN,False,1961166,3501007,20210113,,REPUBLICAN,0.560171973,REPUBLICAN,BUSH
2004,NORTH DAKOTA,ND,38,44,36,US PRESIDENT,"BUSH, GEORGE W.",REPUBLICAN,False,196651,312833,20210113,,REPUBLICAN,0.62861335,REPUBLICAN,BUSH
2004,OHIO,OH,39,31,24,US PRESIDENT,"BUSH, GEORGE W.",REPUBLICAN,False,2859764,5627903,20210113,,REPUBLICAN,0.508140243,REPUBLICAN,BUSH
2004,OKLAHOMA,OK,40,73,53,US PRESIDENT,"BUSH, GEORGE W.",REPUBLICAN,False,959792,1463758,20210113,,REPUBLICAN,0.655704017,REPUBLICAN,BUSH
2004,OREGON,OR,41,92,72,US PRESIDENT,"KERRY, JOHN",DEMOCRAT,False,943163,1836782,20210113,,DEMOCRAT,0.51348663,DEMOCRAT,KERRY
2004,PENNSYLVANIA,PA,42,23,14,US PRESIDENT,"KERRY, JOHN",DEMOCRAT,False,2938095,5769590,20210113,,DEMOCRAT,0.509238091,DEMOCRAT,KERRY
2004,RHODE ISLAND,RI,44,15,5,US PRESIDENT,"KERRY, JOHN",DEMOCRAT,False,259760,437134,20210113,,DEMOCRAT,0.594234262,DEMOCRAT,KERRY
2004,SOUTH CAROLINA,SC,45,57,48,US PRESIDENT,"BUSH, GEORGE W.",REPUBLICAN,False,937974,1617700,20210113,,REPUBLICAN,0.579819497,REPUBLICAN,BUSH
2004,SOUTH DAKOTA,SD,46,45,37,US PRESIDENT,"BUSH, GEORGE W.",REPUBLICAN,False,232584,388215,20210113,,REPUBLICAN,0.599111317,REPUBLICAN,BUSH
2004,TENNESSEE,TN,47,62,54,US PRESIDENT,"BUSH, GEORGE W.",REPUBLICAN,False,1384375,2437319,20210113,,REPUBLICAN,0.567990895,REPUBLICAN,BUSH
2004,TEXAS,TX,48,74,49,US PRESIDENT,"BUSH, GEORGE W.",REPUBLICAN,False,4526917,7410749,20210113,,REPUBLICAN,0.610858228,REPUBLICAN,BUSH
2004,UTAH,UT,49,87,67,US PRESIDENT,"BUSH, GEORGE W.",REPUBLICAN,False,663742,927844,20210113,,REPUBLICAN,0.715359479,REPUBLICAN,BUSH
2004,VERMONT,VT,50,13,6,US PRESIDENT,"KERRY, JOHN",DEMOCRAT,False,184067,312309,20210113,,DEMOCRAT,0.589374626,DEMOCRAT,KERRY
2004,VIRGINIA,VA,51,54,40,US PRESIDENT,"BUSH, GEORGE W.",REPUBLICAN,False,1716959,3195415,20210113,,REPUBLICAN,0.537319566,REPUBLICAN,BUSH
2004,WASHINGTON,WA,53,91,73,US PRESIDENT,"KERRY, JOHN",DEMOCRAT,False,1510201,2859084,20210113,,DEMOCRAT,0.528211483,DEMOCRAT,KERRY
2004,WEST VIRGINIA,WV,54,55,56,US PRESIDENT,"BUSH, GEORGE W.",REPUBLICAN,False,423778,755792,20210113,,REPUBLICAN,0.560707179,REPUBLICAN,BUSH
2004,WISCONSIN,WI,55,35,25,US PRESIDENT,"KERRY, JOHN",DEMOCRAT,False,1489504,2997007,20210113,,DEMOCRAT,0.496997171,DEMOCRAT,KERRY
2004,WYOMING,WY,56,83,68,US PRESIDENT,"BUSH, GEORGE W.",REPUBLICAN,False,167629,243861,20210113,,REPUBLICAN,0.687395689,REPUBLICAN,BUSH
2000,ALABAMA,AL,1,63,41,US PRESIDENT,"BUSH, GEORGE W.",REPUBLICAN,False,941173,1666272,20210113,,REPUBLICAN,0.564837554,REPUBLICAN,BUSH
2000,ALASKA,AK,2,94,81,US PRESIDENT,"BUSH, GEORGE W.",REPUBLICAN,False,167398,285560,20210113,,REPUBLICAN,0.586209553,REPUBLICAN,BUSH
2000,ARIZONA,AZ,4,86,61,US PRESIDENT,"BUSH, GEORGE W.",REPUBLICAN,False,781652,1532016,20210113,,REPUBLICAN,0.510211382,REPUBLICAN,BUSH
2000,ARKANSAS,AR,5,71,42,US PRESIDENT,"BUSH, GEORGE W.",REPUBLICAN,False,472940,921781,20210113,,REPUBLICAN,0.513071977,REPUBLICAN,BUSH
2000,CALIFORNIA,CA,6,93,71,US PRESIDENT,"GORE, AL",DEMOCRAT,False,5861203,10965822,20210113,,DEMOCRAT,0.534497368,DEMOCRAT,GORE
2000,COLORADO,CO,8,84,62,US PRESIDENT,"BUSH, GEORGE W.",REPUBLICAN,False,883748,1741368,20210113,,REPUBLICAN,0.507502148,REPUBLICAN,BUSH
2000,CONNECTICUT,CT,9,16,1,US PRESIDENT,"GORE, AL",DEMOCRAT,False,816015,1459525,20210113,,DEMOCRAT,0.559096281,DEMOCRAT,GORE
2000,DELAWARE,DE,10,51,11,US PRESIDENT,"GORE, AL",DEMOCRAT,False,180068,327529,20210113,,DEMOCRAT,0.549777272,DEMOCRAT,GORE
2000,DISTRICT OF COLUMBIA,DC,11,53,55,US PRESIDENT,"GORE, AL",DEMOCRAT,False,171923,201894,20210113,,DEMOCRAT,0.851550814,DEMOCRAT,GORE
2000,FLORIDA,FL,12,59,43,US PRESIDENT,"BUSH, GEORGE W.",REPUBLICAN,False,2912790,5963110,20210113,,REPUBLICAN,0.488468266,REPUBLICAN,BUSH
2000,GEORGIA,GA,13,58,44,US PRESIDENT,"BUSH, GEORGE W.",REPUBLICAN,False,1419720,2583208,20210113,,REPUBLICAN,0.549595697,REPUBLICAN,BUSH
2000,HAWAII,HI,15,95,82,US PRESIDENT,"GORE, AL",DEMOCRAT,False,205286,367951,20210113,,DEMOCRAT,0.557916679,DEMOCRAT,GORE
2000,IDAHO,ID,16,82,63,US PRESIDENT,"BUSH, GEORGE W.",REPUBLICAN,False,336937,501615,20210113,,REPUBLICAN,0.671704395,REPUBLICAN,BUSH
2000,ILLINOIS,IL,17,33,21,US PRESIDENT,"GORE, AL",DEMOCRAT,False,2589026,4742108,20210113,,DEMOCRAT,0.545965212,DEMOCRAT,GORE
2000,INDIANA,IN,18,32,22,US PRESIDENT,"BUSH, GEORGE W.",REPUBLICAN,False,1245836,2199302,20210113,,REPUBLICAN,0.566468816,REPUBLICAN,BUSH
2000,IOWA,IA,19,42,31,US PRESIDENT,"GORE, AL",DEMOCRAT,False,638517,1353022,20210113,,DEMOCRAT,0.471919156,DEMOCRAT,GORE
2000,KANSAS,KS,20,47,32,US PRESIDENT,"BUSH, GEORGE W.",REPUBLICAN,False,622332,1072216,20210113,,REPUBLICAN,0.580416632,REPUBLICAN,BUSH
2000,KENTUCKY,KY,21,61,51,US PRESIDENT,"BUSH, GEORGE W.",REPUBLICAN,False,872520,1544106,20210113,,REPUBLICAN,0.565064834,REPUBLICAN,BUSH
2000,LOUISIANA,LA,22,72,45,US PRESIDENT,"BUSH, GEORGE W.",REPUBLICAN,False,927871,1765656,20210113,,REPUBLICAN,0.525510632,REPUBLICAN,BUSH
2000,MAINE,ME,23,11,2,US PRESIDENT,"GORE, AL",DEMOCRAT,False,319951,651817,20210113,,DEMOCRAT,0.490860165,DEMOCRAT,GORE
2000,MARYLAND,MD,24,52,52,US PRESIDENT,"GORE, AL",DEMOCRAT,False,1144008,2025212,20210113,,DEMOCRAT,0.564883084,DEMOCRAT,GORE
2000,MASSACHUSETTS,MA,25,14,3,US PRESIDENT,"GORE, AL",DEMOCRAT,False,1616487,2733964,20210113,,DEMOCRAT,0.59126126,DEMOCRAT,GORE
2000,MICHIGAN,MI,26,34,23,US PRESIDENT,"GORE, AL",DEMOCRAT,False,2170418,4232501,20210113,,DEMOCRAT,0.512797989,DEMOCRAT,GORE
2000,MINNESOTA,MN,27,41,33,US PRESIDENT,"GORE, AL",DEMOCRATIC-FARMER-LABOR,False,1168266,2438685,20210113,,DEMOCRAT,0.479055721,DEMOCRAT,GORE
2000,MISSISSIPPI,MS,28,64,46,US PRESIDENT,"BUSH, GEORGE W.",REPUBLICAN,False,572844,994184,20210113,,REPUBLICAN,0.576195151,REPUBLICAN,BUSH
2000,MISSOURI,MO,29,43,34,US PRESIDENT,"BUSH, GEORGE W.",REPUBLICAN,False,1189924,2359892,20210113,,REPUBLICAN,0.50422816,REPUBLICAN,BUSH
2000,MONTANA,MT,30,81,64,US PRESIDENT,"BUSH, GEORGE W.",REPUBLICAN,False,240178,410986,20210113,,REPUBLICAN,0.584394602,REPUBLICAN,BUSH
2000,NEBRASKA,NE,31,46,35,US PRESIDENT,"BUSH, GEORGE W.",REPUBLICAN,False,433862,697019,20210113,,REPUBLICAN,0.62245362,REPUBLICAN,BUSH
2000,NEVADA,NV,32,88,65,US PRESIDENT,"BUSH, GEORGE W.",REPUBLICAN,False,301575,609426,20210113,,REPUBLICAN,0.494850892,REPUBLICAN,BUSH
2000,NEW HAMPSHIRE,NH,33,12,4,US PRESIDENT,"BUSH, GEORGE W.",REPUBLICAN,False,273559,569081,20210113,,REPUBLICAN,0.480703099,REPUBLICAN,BUSH
2000,NEW JERSEY,NJ,34,22,12,US PRESIDENT,"GORE, AL",DEMOCRAT,False,1788850,3187226,20210113,,DEMOCRAT,0.561256089,DEMOCRAT,GORE
2000,NEW MEXICO,NM,35,85,66,US PRESIDENT,"GORE, AL",DEMOCRAT,False,286783,598605,20210113,,DEMOCRAT,0.479085541,DEMOCRAT,GORE
2000,NEW YORK,NY,36,21,13,US PRESIDENT,"GORE, AL",DEMOCRAT,False,3942215,6960215,20210113,,DEMOCRAT,0.566392705,DEMOCRAT,GORE
2000,NORTH CAROLINA,NC,37,56,47,US PRESIDENT,"BUSH, GEORGE W.",REPUBLICAN,False,1631163,2914990,20210113,,REPUBLICAN,0.559577563,REPUBLICAN,BUSH
2000,NORTH DAKOTA,ND,38,44,36,US PRESIDENT,"BUSH, GEORGE W.",REPUBLICAN,False,174852,288256,20210113,,REPUBLICAN,0.606585813,REPUBLICAN,BUSH
2000,OHIO,OH,39,31,24,US PRESIDENT,"BUSH, GEORGE W.",REPUBLICAN,False,2350363,4701998,20210113,,REPUBLICAN,0.499864738,REPUBLICAN,BUSH
2000,OKLAHOMA,OK,40,73,53,US PRESIDENT,"BUSH, GEORGE W.",REPUBLICAN,False,744337,1234229,20210113,,REPUBLICAN,0.603078521,REPUBLICAN,BUSH
2000,OREGON,OR,41,92,72,US PRESIDENT,"GORE, AL",DEMOCRAT,False,720342,1533950,20210113,,DEMOCRAT,0.4695994,DEMOCRAT,GORE
2000,PENNSYLVANIA,PA,42,23,14,US PRESIDENT,"GORE, AL",DEMOCRAT,False,2485967,4912185,20210113,,DEMOCRAT,0.506081713,DEMOCRAT,GORE
2000,RHODE ISLAND,RI,44,15,5,US PRESIDENT,"GORE, AL",DEMOCRAT,False,249508,409112,20210113,,DEMOCRAT,0.609877002,DEMOCRAT,GORE
2000,SOUTH CAROLINA,SC,45,57,48,US PRESIDENT,"BUSH, GEORGE W.",REPUBLICAN,False,786892,1383902,20210113,,REPUBLICAN,0.568603846,REPUBLICAN,BUSH
2000,SOUTH DAKOTA,SD,46,45,37,US PRESIDENT,"BUSH, GEORGE W.",REPUBLICAN,False,190700,316269,20210113,,REPUBLICAN,0.602967727,REPUBLICAN,BUSH
2000,TENNESSEE,TN,47,62,54,US PRESIDENT,"BUSH, GEORGE W.",REPUBLICAN,False,1061949,2076181,20210113,,REPUBLICAN,0.511491532,REPUBLICAN,BUSH
2000,TEXAS,TX,48,74,49,US PRESIDENT,"BUSH, GEORGE W.",REPUBLICAN,False,3799639,6407637,20210113,,REPUBLICAN,0.592985995,REPUBLICAN,BUSH
2000,UTAH,UT,49,87,67,US PRESIDENT,"BUSH, GEORGE W.",REPUBLICAN,False,515096,770754,20210113,,REPUBLICAN,0.66830143,REPUBLICAN,BUSH
2000,VERMONT,VT,50,13,6,US PRESIDENT,"GORE, AL",DEMOCRAT,False,149022,294308,20210113,,DEMOCRAT,0.506347092,DEMOCRAT,GORE
2000,VIRGINIA,VA,51,54,40,US PRESIDENT,"BUSH, GEORGE W.",REPUBLICAN,False,1437490,2739447,20210113,,REPUBLICAN,0.524737292,REPUBLICAN,BUSH
2000,WASHINGTON,WA,53,91,73,US PRESIDENT,"GORE, AL",DEMOCRAT,False,1247652,2487433,20210113,,DEMOCRAT,0.501582153,DEMOCRAT,GORE
2000,WEST VIRGINIA,WV,54,55,56,US PRESIDENT,"BUSH, GEORGE W.",REPUBLICAN,False,336475,648124,20210113,,REPUBLICAN,0.519152199,REPUBLICAN,BUSH
2000,WISCONSIN,WI,55,35,25,US PRESIDENT,"GORE, AL",DEMOCRAT,False,1242987,2598607,20210113,,DEMOCRAT,0.478328197,DEMOCRAT,GORE
2000,WYOMING,WY,56,83,68,US PRESIDENT,"BUSH, GEORGE W.",REPUBLICAN,False,147947,213726,20210113,,REPUBLICAN,0.692227431,REPUBLICAN,BUSH
1996,ALABAMA,AL,1,63,41,US PRESIDENT,"DOLE, ROBERT",REPUBLICAN,False,769044,1534349,20210113,,REPUBLICAN,0.501218432,REPUBLICAN,DOLE
1996,ALASKA,AK,2,94,81,US PRESIDENT,"DOLE, ROBERT",REPUBLICAN,False,122746,241620,20210113,,REPUBLICAN,0.508012582,REPUBLICAN,DOLE
1996,ARIZONA,AZ,4,86,61,US PRESIDENT,"CLINTON, BILL",DEMOCRAT,False,653288,1404405,20210113,,DEMOCRAT,0.465170659,DEMOCRAT,CLINTON
1996,ARKANSAS,AR,5,71,42,US PRESIDENT,"CLINTON, BILL",DEMOCRAT,False,475171,884262,20210113,,DEMOCRAT,0.537364492,DEMOCRAT,CLINTON
1996,CALIFORNIA,CA,6,93,71,US PRESIDENT,"CLINTON, BILL",DEMOCRAT,False,5119835,10019469,20210113,,DEMOCRAT,0.510988656,DEMOCRAT,CLINTON
1996,COLORADO,CO,8,84,62,US PRESIDENT,"DOLE, ROBERT",REPUBLICAN,False,691848,1510702,20210113,,REPUBLICAN,0.457964575,REPUBLICAN,DOLE
1996,CONNECTICUT,CT,9,16,1,US PRESIDENT,"CLINTON, BILL",DEMOCRAT,False,735740,1392614,20210113,,DEMOCRAT,0.528315815,DEMOCRAT,CLINTON
1996,DELAWARE,DE,10,51,11,US PRESIDENT,"CLINTON, BILL",DEMOCRAT,False,140355,270810,20210113,,DEMOCRAT,0.518278498,DEMOCRAT,CLINTON
1996,DISTRICT OF COLUMBIA,DC,11,53,55,US PRESIDENT,"CLINTON, BILL",DEMOCRAT,False,158220,185726,20210113,,DEMOCRAT,0.851900111,DEMOCRAT,CLINTON
1996,FLORIDA,FL,12,59,43,US PRESIDENT,"CLINTON, BILL",DEMOCRAT,False,2546870,5303154,20210113,,DEMOCRAT,0.480255712,DEMOCRAT,CLINTON
1996,GEORGIA,GA,13,58,44,US PRESIDENT,"DOLE, ROBERT",REPUBLICAN,False,1080843,2298899,20210113,,REPUBLICAN,0.470156801,REPUBLICAN,DOLE
1996,HAWAII,HI,15,95,82,US PRESIDENT,"CLINTON, BILL",DEMOCRAT,False,205012,360120,20210113,,DEMOCRAT,0.569288015,DEMOCRAT,CLINTON
1996,IDAHO,ID,16,82,63,US PRESIDENT,"DOLE, ROBERT",REPUBLICAN,False,256595,491711,20210113,,REPUBLICAN,0.521841081,REPUBLICAN,DOLE
1996,ILLINOIS,IL,17,33,21,US PRESIDENT,"CLINTON, BILL",DEMOCRAT,False,2341744,4311391,20210113,,DEMOCRAT,0.543152778,DEMOCRAT,CLINTON
1996,INDIANA,IN,18,32,22,US PRESIDENT,"DOLE, ROBERT",REPUBLICAN,False,1006693,2135431,20210113,,REPUBLICAN,0.471423802,REPUBLICAN,DOLE
1996,IOWA,IA,19,42,31,US PRESIDENT,"CLINTON, BILL",DEMOCRAT,False,620258,1234075,20210113,,DEMOCRAT,0.502609647,DEMOCRAT,CLINTON
1996,KANSAS,KS,20,47,32,US PRESIDENT,"DOLE, ROBERT",REPUBLICAN,False,583245,1074300,20210113,,REPUBLICAN,0.542907009,REPUBLICAN,DOLE
1996,KENTUCKY,KY,21,61,51,US PRESIDENT,"CLINTON, BILL",DEMOCRAT,False,636614,1388708,20210113,,DEMOCRAT,0.458421785,DEMOCRAT,CLINTON
1996,LOUISIANA,LA,22,72,45,US PRESIDENT,"CLINTON, BILL",DEMOCRAT,False,927837,1783959,20210113,,DEMOCRAT,0.520099957,DEMOCRAT,CLINTON
1996,MAINE,ME,23,11,2,US PRESIDENT,"CLINTON, BILL",DEMOCRAT,False,312788,605897,20210113,,DEMOCRAT,0.516239559,DEMOCRAT,CLINTON
1996,MARYLAND,MD,24,52,52,US PRESIDENT,"CLINTON, BILL",DEMOCRAT,False,966207,1780870,20210113,,DEMOCRAT,0.542547744,DEMOCRAT,CLINTON
1996,MASSACHUSETTS,MA,25,14,3,US PRESIDENT,"CLINTON, BILL",DEMOCRAT,False,1571509,2556459,20210113,,DEMOCRAT,0.614720987,DEMOCRAT,CLINTON
1996,MICHIGAN,MI,26,34,23,US PRESIDENT,"CLINTON, BILL",DEMOCRAT,False,1989653,3848844,20210113,,DEMOCRAT,0.516948206,DEMOCRAT,CLINTON
1996,MINNESOTA,MN,27,41,33,US PRESIDENT,"CLINTON, BILL",DEMOCRAT,False,1120380,2192492,20210113,,DEMOCRAT,0.511007566,DEMOCRAT,CLINTON
1996,MISSISSIPPI,MS,28,64,46,US PRESIDENT,"DOLE, ROBERT",REPUBLICAN,False,439838,893857,20210113,,REPUBLICAN,0.492067523,REPUBLICAN,DOLE
1996,MISSOURI,MO,29,43,34,US PRESIDENT,"CLINTON, BILL",DEMOCRAT,False,1025935,2158065,20210113,,DEMOCRAT,0.475395783,DEMOCRAT,CLINTON
1996,MONTANA,MT,30,81,64,US PRESIDENT,"DOLE, ROBERT",REPUBLICAN,False,179652,407083,20210113,,REPUBLICAN,0.441315407,REPUBLICAN,DOLE
1996,NEBRASKA,NE,31,46,35,US PRESIDENT,"DOLE, ROBERT",REPUBLICAN,False,363467,677415,20210113,,REPUBLICAN,0.536549973,REPUBLICAN,DOLE
1996,NEVADA,NV,32,88,65,US PRESIDENT,"CLINTON, BILL",DEMOCRAT,False,203974,464279,20210113,,DEMOCRAT,0.439334969,DEMOCRAT,CLINTON
1996,NEW HAMPSHIRE,NH,33,12,4,US PRESIDENT,"CLINTON, BILL",DEMOCRAT,False,246166,496597,20210113,,DEMOCRAT,0.495705773,DEMOCRAT,CLINTON
1996,NEW JERSEY,NJ,34,22,12,US PRESIDENT,"CLINTON, BILL",DEMOCRAT,False,1652361,3075860,20210113,,DEMOCRAT,0.537202929,DEMOCRAT,CLINTON
1996,NEW MEXICO,NM,35,85,66,US PRESIDENT,"CLINTON, BILL",DEMOCRAT,False,273495,556074,20210113,,DEMOCRAT,0.491832022,DEMOCRAT,CLINTON
1996,NEW YORK,NY,36,21,13,US PRESIDENT,"CLINTON, BILL",DEMOCRAT,False,3649630,6439129,20210113,,DEMOCRAT,0.56678939,DEMOCRAT,CLINTON
1996,NORTH CAROLINA,NC,37,56,47,US PRESIDENT,"DOLE, ROBERT",REPUBLICAN,False,1225938,2515807,20210113,,REPUBLICAN,0.487294137,REPUBLICAN,DOLE
1996,NORTH DAKOTA,ND,38,44,36,US PRESIDENT,"DOLE, ROBERT",REPUBLICAN,False,125050,266411,20210113,,REPUBLICAN,0.469387525,REPUBLICAN,DOLE
1996,OHIO,OH,39,31,24,US PRESIDENT,"CLINTON, BILL",DEMOCRAT,False,2148222,4534434,20210113,,DEMOCRAT,0.473757474,DEMOCRAT,CLINTON
1996,OKLAHOMA,OK,40,73,53,US PRESIDENT,"DOLE, ROBERT",REPUBLICAN,False,582315,1206713,20210113,,REPUBLICAN,0.482562962,REPUBLICAN,DOLE
1996,OREGON,OR,41,92,72,US PRESIDENT,"CLINTON, BILL",DEMOCRAT,False,649641,1377760,20210113,,DEMOCRAT,0.471519713,DEMOCRAT,CLINTON
1996,PENNSYLVANIA,PA,42,23,14,US PRESIDENT,"CLINTON, BILL",DEMOCRAT,False,2215819,4501307,20210113,,DEMOCRAT,0.492261248,DEMOCRAT,CLINTON
1996,RHODE ISLAND,RI,44,15,5,US PRESIDENT,"CLINTON, BILL",DEMOCRAT,False,233050,390247,20210113,,DEMOCRAT,0.597185885,DEMOCRAT,CLINTON
1996,SOUTH CAROLINA,SC,45,57,48,US PRESIDENT,"DOLE, ROBERT",REPUBLICAN,False,573339,1150182,20210113,,REPUBLICAN,0.498476763,REPUBLICAN,DOLE
1996,SOUTH DAKOTA,SD,46,45,37,US PRESIDENT,"DOLE, ROBERT",REPUBLICAN,False,150543,323826,20210113,,REPUBLICAN,0.464888551,REPUBLICAN,DOLE
1996,TENNESSEE,TN,47,62,54,US PRESIDENT,"CLINTON, BILL",DEMOCRAT,False,909146,1894105,20210113,,DEMOCRAT,0.479987118,DEMOCRAT,CLINTON
1996,TEXAS,TX,48,74,49,US PRESIDENT,"DOLE, ROBERT",REPUBLICAN,False,2736167,5611644,20210113,,REPUBLICAN,0.487587416,REPUBLICAN,DOLE
1996,UTAH,UT,49,87,67,US PRESIDENT,"DOLE, ROBERT",REPUBLICAN,False,361911,665629,20210113,,REPUBLICAN,0.543712789,REPUBLICAN,DOLE
1996,VERMONT,VT,50,13,6,US PRESIDENT,"CLINTON, BILL",DEMOCRAT,False,137894,258449,20210113,,DEMOCRAT,0.533544336,DEMOCRAT,CLINTON
1996,VIRGINIA,VA,51,54,40,US PRESIDENT,"DOLE, ROBERT",REPUBLICAN,False,1138350,2416642,20210113,,REPUBLICAN,0.471046187,REPUBLICAN,DOLE
1996,WASHINGTON,WA,53,91,73,US PRESIDENT,"CLINTON, BILL",DEMOCRAT,False,1123323,2253837,20210113,,DEMOCRAT,0.49840472,DEMOCRAT,CLINTON
1996,WEST VIRGINIA,WV,54,55,56,US PRESIDENT,"CLINTON, BILL",DEMOCRAT,False,327812,636459,20210113,,DEMOCRAT,0.515055958,DEMOCRAT,CLINTON
1996,WISCONSIN,WI,55,35,25,US PRESIDENT,"CLINTON, BILL",DEMOCRAT,False,1071971,2196169,20210113,,DEMOCRAT,0.488109522,DEMOCRAT,CLINTON
1996,WYOMING,WY,56,83,68,US PRESIDENT,"DOLE, ROBERT",REPUBLICAN,False,105388,211571,20210113,,REPUBLICAN,0.498121198,REPUBLICAN,DOLE
1992,ALABAMA,AL,1,63,41,US PRESIDENT,"BUSH, GEORGE H.W.",REPUBLICAN,False,804283,1688060,20210113,,REPUBLICAN,0.476454036,REPUBLICAN,BUSH
1992,ALASKA,AK,2,94,81,US PRESIDENT,"BUSH, GEORGE H.W.",REPUBLICAN,False,102000,258506,20210113,,REPUBLICAN,0.394574981,REPUBLICAN,BUSH
1992,ARIZONA,AZ,4,86,61,US PRESIDENT,"BUSH, GEORGE H.W.",REPUBLICAN,False,572086,1486975,20210113,,REPUBLICAN,0.384731418,REPUBLICAN,BUSH
1992,ARKANSAS,AR,5,71,42,US PRESIDENT,"CLINTON, BILL",DEMOCRAT,False,505823,950653,20210113,,DEMOCRAT,0.532079528,DEMOCRAT,CLINTON
1992,CALIFORNIA,CA,6,93,71,US PRESIDENT,"CLINTON, BILL",DEMOCRAT,False,5121325,11131721,20210113,,DEMOCRAT,0.460065878,DEMOCRAT,CLINTON
1992,COLORADO,CO,8,84,62,US PRESIDENT,"CLINTON, BILL",DEMOCRAT,False,629681,1569180,20210113,,DEMOCRAT,0.401280287,DEMOCRAT,CLINTON
1992,CONNECTICUT,CT,9,16,1,US PRESIDENT,"CLINTON, BILL",DEMOCRAT,False,682318,1616156,20210113,,DEMOCRAT,0.42218573,DEMOCRAT,CLINTON
1992,DELAWARE,DE,10,51,11,US PRESIDENT,"CLINTON, BILL",DEMOCRAT,False,126054,289620,20210113,,DEMOCRAT,0.435239279,DEMOCRAT,CLINTON
1992,DISTRICT OF COLUMBIA,DC,11,53,55,US PRESIDENT,"CLINTON, BILL",DEMOCRAT,False,192619,227572,20210113,,DEMOCRAT,0.846409049,DEMOCRAT,CLINTON
1992,FLORIDA,FL,12,59,43,US PRESIDENT,"BUSH, GEORGE H.W.",REPUBLICAN,False,2173310,5313392,20210113,,REPUBLICAN,0.409024969,REPUBLICAN,BUSH
1992,GEORGIA,GA,13,58,44,US PRESIDENT,"CLINTON, BILL",DEMOCRAT,False,1008966,2321133,20210113,,DEMOCRAT,0.434686853,DEMOCRAT,CLINTON
1992,HAWAII,HI,15,95,82,US PRESIDENT,"CLINTON, BILL",DEMOCRAT,False,179310,372842,20210113,,DEMOCRAT,0.480927578,DEMOCRAT,CLINTON
1992,IDAHO,ID,16,82,63,US PRESIDENT,"BUSH, GEORGE H.W.",REPUBLICAN,False,202645,482114,20210113,,REPUBLICAN,0.420325898,REPUBLICAN,BUSH
1992,ILLINOIS,IL,17,33,21,US PRESIDENT,"CLINTON, BILL",DEMOCRAT,False,2453350,5050157,20210113,,DEMOCRAT,0.485796778,DEMOCRAT,CLINTON
1992,INDIANA,IN,18,32,22,US PRESIDENT,"BUSH, GEORGE H.W.",REPUBLICAN,False,989375,2305871,20210113,,REPUBLICAN,0.429067801,REPUBLICAN,BUSH
1992,IOWA,IA,19,42,31,US PRESIDENT,"CLINTON, BILL",DEMOCRAT,False,586353,1354607,20210113,,DEMOCRAT,0.432858386,DEMOCRAT,CLINTON
1992,KANSAS,KS,20,47,32,US PRESIDENT,"BUSH, GEORGE H.W.",REPUBLICAN,False,449951,1157236,20210113,,REPUBLICAN,0.388815246,REPUBLICAN,BUSH
1992,KENTUCKY,KY,21,61,51,US PRESIDENT,"CLINTON, BILL",DEMOCRAT,False,665104,1492900,20210113,,DEMOCRAT,0.445511421,DEMOCRAT,CLINTON
1992,LOUISIANA,LA,22,72,45,US PRESIDENT,"CLINTON, BILL",DEMOCRAT,False,815971,1790017,20210113,,DEMOCRAT,0.455845391,DEMOCRAT,CLINTON
1992,MAINE,ME,23,11,2,US PRESIDENT,"CLINTON, BILL",DEMOCRAT,False,263420,679499,20210113,,DEMOCRAT,0.387667973,DEMOCRAT,CLINTON
1992,MARYLAND,MD,24,52,52,US PRESIDENT,"CLINTON, BILL",DEMOCRAT,False,988571,1984580,20210113,,DEMOCRAT,0.498126052,DEMOCRAT,CLINTON
1992,MASSACHUSETTS,MA,25,14,3,US PRESIDENT,"CLINTON, BILL",DEMOCRAT,False,1318639,2773664,20210113,,DEMOCRAT,0.475414109,DEMOCRAT,CLINTON
1992,MICHIGAN,MI,26,34,23,US PRESIDENT,"CLINTON, BILL",DEMOCRAT,False,1871182,4274673,20210113,,DEMOCRAT,0.437736875,DEMOCRAT,CLINTON
1992,MINNESOTA,MN,27,41,33,US PRESIDENT,"CLINTON, BILL",DEMOCRAT,False,1020997,2347948,20210113,,DEMOCRAT,0.434846513,DEMOCRAT,CLINTON
1992,MISSISSIPPI,MS,28,64,46,US PRESIDENT,"BUSH, GEORGE H.W.",REPUBLICAN,False,487793,981793,20210113,,REPUBLICAN,0.496838947,REPUBLICAN,BUSH
1992,MISSOURI,MO,29,43,34,US PRESIDENT,"CLINTON, BILL",DEMOCRAT,False,1053873,2391270,20210113,,DEMOCRAT,0.440716858,DEMOCRAT,CLINTON
1992,MONTANA,MT,30,81,64,US PRESIDENT,"CLINTON, BILL",DEMOCRAT,False,154507,410583,20210113,,DEMOCRAT,0.376311245,DEMOCRAT,CLINTON
1992,NEBRASKA,NE,31,46,35,US PRESIDENT,"BUSH, GEORGE H.W.",REPUBLICAN,False,343678,737546,20210113,,REPUBLICAN,0.465975004,REPUBLICAN,BUSH
1992,NEVADA,NV,32,88,65,US PRESIDENT,"CLINTON, BILL",DEMOCRAT,False,189148,506318,20210113,,DEMOCRAT,0.3735755,DEMOCRAT,CLINTON
1992,NEW HAMPSHIRE,NH,33,12,4,US PRESIDENT,"CLINTON, BILL",DEMOCRAT,False,209040,537215,20210113,,DEMOCRAT,0.389117951,DEMOCRAT,CLINTON
1992,NEW JERSEY,NJ,34,22,12,US PRESIDENT,"CLINTON, BILL",DEMOCRAT,False,1436206,3343594,20210113,,DEMOCRAT,0.429539591,DEMOCRAT,CLINTON
1992,NEW MEXICO,NM,35,85,66,US PRESIDENT,"CLINTON, BILL",DEMOCRAT,False,261617,569986,20210113,,DEMOCRAT,0.458988466,DEMOCRAT,CLINTON
1992,NEW YORK,NY,36,21,13,US PRESIDENT,"CLINTON, BILL",DEMOCRAT,False,3346894,7079432,20210113,,DEMOCRAT,0.472763069,DEMOCRAT,CLINTON
1992,NORTH CAROLINA,NC,37,56,47,US PRESIDENT,"BUSH, GEORGE H.W.",REPUBLICAN,False,1134661,2611850,20210113,,REPUBLICAN,0.434428087,REPUBLICAN,BUSH
1992,NORTH DAKOTA,ND,38,44,36,US PRESIDENT,"BUSH, GEORGE H.W.",REPUBLICAN,False,136244,308133,20210113,,REPUBLICAN,0.442159717,REPUBLICAN,BUSH
1992,OHIO,OH,39,31,24,US PRESIDENT,"CLINTON, BILL",DEMOCRAT,False,1984942,4939967,20210113,,DEMOCRAT,0.401812806,DEMOCRAT,CLINTON
1992,OKLAHOMA,OK,40,73,53,US PRESIDENT,"BUSH, GEORGE H.W.",REPUBLICAN,False,592929,1390359,20210113,,REPUBLICAN,0.426457483,REPUBLICAN,BUSH
1992,OREGON,OR,41,92,72,US PRESIDENT,"CLINTON, BILL",DEMOCRAT,False,621314,1462643,20210113,,DEMOCRAT,0.424788551,DEMOCRAT,CLINTON
1992,PENNSYLVANIA,PA,42,23,14,US PRESIDENT,"CLINTON, BILL",DEMOCRAT,False,2239164,4959810,20210113,,DEMOCRAT,0.451461649,DEMOCRAT,CLINTON
1992,RHODE ISLAND,RI,44,15,5,US PRESIDENT,"CLINTON, BILL",DEMOCRAT,False,213299,453365,20210113,,DEMOCRAT,0.470479636,DEMOCRAT,CLINTON
1992,SOUTH CAROLINA,SC,45,57,48,US PRESIDENT,"BUSH, GEORGE H.W.",REPUBLICAN,False,577507,1228912,20210113,,REPUBLICAN,0.469933567,REPUBLICAN,BUSH
1992,SOUTH DAKOTA,SD,46,45,37,US PRESIDENT,"BUSH, GEORGE H.W.",REPUBLICAN,False,136718,336254,20210113,,REPUBLICAN,0.406591446,REPUBLICAN,BUSH
1992,TENNESSEE,TN,47,62,54,US PRESIDENT,"CLINTON, BILL",DEMOCRAT,False,933521,1982638,20210113,,DEMOCRAT,0.470847931,DEMOCRAT,CLINTON
1992,TEXAS,TX,48,74,49,US PRESIDENT,"BUSH, GEORGE H.W.",REPUBLICAN,False,2496071,6154018,20210113,,REPUBLICAN,0.405600211,REPUBLICAN,BUSH
1992,UTAH,UT,49,87,67,US PRESIDENT,"BUSH, GEORGE H.W.",REPUBLICAN,False,322632,743998,20210113,,REPUBLICAN,0.433646327,REPUBLICAN,BUSH
1992,VERMONT,VT,50,13,6,US PRESIDENT,"CLINTON, BILL",DEMOCRAT,False,133592,289701,20210113,,DEMOCRAT,0.461137518,DEMOCRAT,CLINTON
1992,VIRGINIA,VA,51,54,40,US PRESIDENT,"BUSH, GEORGE H.W.",REPUBLICAN,False,1150517,2559129,20210113,,REPUBLICAN,0.449573664,REPUBLICAN,BUSH
1992,WASHINGTON,WA,53,91,73,US PRESIDENT,"CLINTON, BILL",DEMOCRAT,False,993037,2287565,20210113,,DEMOCRAT,0.4341022,DEMOCRAT,CLINTON
1992,WEST VIRGINIA,WV,54,55,56,US PRESIDENT,"CLINTON, BILL",DEMOCRAT,False,331001,683677,20210113,,DEMOCRAT,0.484148216,DEMOCRAT,CLINTON
1992,WISCONSIN,WI,55,35,25,US PRESIDENT,"CLINTON, BILL",DEMOCRAT,False,1041066,2531064,20210113,,DEMOCRAT,0.411315557,DEMOCRAT,CLINTON
1992,WYOMING,WY,56,83,68,US PRESIDENT,"BUSH, GEORGE H.W.",REPUBLICAN,False,79347,199884,20210113,,REPUBLICAN,0.39696524,REPUBLICAN,BUSH
1988,ALABAMA,AL,1,63,41,US PRESIDENT,"BUSH, GEORGE H.W.",REPUBLICAN,False,815576,1378476,20210113,,REPUBLICAN,0.591650489,REPUBLICAN,BUSH
1988,ALASKA,AK,2,94,81,US PRESIDENT,"BUSH, GEORGE H.W.",REPUBLICAN,False,119251,200116,20210113,,REPUBLICAN,0.595909373,REPUBLICAN,BUSH
1988,ARIZONA,AZ,4,86,61,US PRESIDENT,"BUSH, GEORGE H.W.",REPUBLICAN,False,702541,1171873,20210113,,REPUBLICAN,0.599502676,REPUBLICAN,BUSH
1988,ARKANSAS,AR,5,71,42,US PRESIDENT,"BUSH, GEORGE H.W.",REPUBLICAN,False,466578,827738,20210113,,REPUBLICAN,0.563678362,REPUBLICAN,BUSH
1988,CALIFORNIA,CA,6,93,71,US PRESIDENT,"BUSH, GEORGE H.W.",REPUBLICAN,False,5054917,9887065,20210113,,REPUBLICAN,0.511265679,REPUBLICAN,BUSH
1988,COLORADO,CO,8,84,62,US PRESIDENT,"BUSH, GEORGE H.W.",REPUBLICAN,False,728177,1372394,20210113,,REPUBLICAN,0.530588883,REPUBLICAN,BUSH
1988,CONNECTICUT,CT,9,16,1,US PRESIDENT,"BUSH, GEORGE H.W.",REPUBLICAN,False,750241,1443394,20210113,,REPUBLICAN,0.519775612,REPUBLICAN,BUSH
1988,DELAWARE,DE,10,51,11,US PRESIDENT,"BUSH, GEORGE H.W.",REPUBLICAN,False,139639,249891,20210113,,REPUBLICAN,0.558799637,REPUBLICAN,BUSH
1988,DISTRICT OF COLUMBIA,DC,11,53,55,US PRESIDENT,"DUKAKIS, MICHAEL",DEMOCRAT,False,159407,192877,20210113,,DEMOCRAT,0.826469719,DEMOCRAT,DUKAKIS
1988,FLORIDA,FL,12,59,43,US PRESIDENT,"BUSH, GEORGE H.W.",REPUBLICAN,False,2618885,4302313,20210113,,REPUBLICAN,0.608715591,REPUBLICAN,BUSH
1988,GEORGIA,GA,13,58,44,US PRESIDENT,"BUSH, GEORGE H.W.",REPUBLICAN,False,1081331,1809672,20210113,,REPUBLICAN,0.597528723,REPUBLICAN,BUSH
1988,HAWAII,HI,15,95,82,US PRESIDENT,"DUKAKIS, MICHAEL",DEMOCRAT,False,192364,354461,20210113,,DEMOCRAT,0.542694401,DEMOCRAT,DUKAKIS
1988,IDAHO,ID,16,82,63,US PRESIDENT,"BUSH, GEORGE H.W.",REPUBLICAN,False,253881,408968,20210113,,REPUBLICAN,0.620784511,REPUBLICAN,BUSH
1988,ILLINOIS,IL,17,33,21,US PRESIDENT,"BUSH, GEORGE H.W.",REPUBLICAN,False,2310939,4559120,20210113,,REPUBLICAN,0.506882688,REPUBLICAN,BUSH
1988,INDIANA,IN,18,32,22,US PRESIDENT,"BUSH, GEORGE H.W.",REPUBLICAN,False,1297763,2168621,20210113,,REPUBLICAN,0.598427757,REPUBLICAN,BUSH
1988,IOWA,IA,19,42,31,US PRESIDENT,"DUKAKIS, MICHAEL",DEMOCRAT,False,670557,1225614,20210113,,DEMOCRAT,0.54711924,DEMOCRAT,DUKAKIS
1988,KANSAS,KS,20,47,32,US PRESIDENT,"BUSH, GEORGE H.W.",REPUBLICAN,False,554049,993044,20210113,,REPUBLICAN,0.557929961,REPUBLICAN,BUSH
1988,KENTUCKY,KY,21,61,51,US PRESIDENT,"BUSH, GEORGE H.W.",REPUBLICAN,False,734281,1322517,20210113,,REPUBLICAN,0.555214791,REPUBLICAN,BUSH
1988,LOUISIANA,LA,22,72,45,US PRESIDENT,"BUSH, GEORGE H.W.",REPUBLICAN,False,883702,1628202,20210113,,REPUBLICAN,0.542747153,REPUBLICAN,BUSH
1988,MAINE,ME,23,11,2,US PRESIDENT,"BUSH, GEORGE H.W.",REPUBLICAN,False,307131,555035,20210113,,REPUBLICAN,0.553354293,REPUBLICAN,BUSH
1988,MARYLAND,MD,24,52,52,US PRESIDENT,"BUSH, GEORGE H.W.",REPUBLICAN,False,876167,1714358,20210113,,REPUBLICAN,0.511075866,REPUBLICAN,BUSH
1988,MASSACHUSETTS,MA,25,14,3,US PRESIDENT,"DUKAKIS, MICHAEL",DEMOCRAT,False,1401415,2632801,20210113,,DEMOCRAT,0.532290515,DEMOCRAT,DUKAKIS
1988,MICHIGAN,MI,26,34,23,US PRESIDENT,"BUSH, GEORGE H.W.",REPUBLICAN,False,1965486,3669163,20210113,,REPUBLICAN,0.535676938,REPUBLICAN,BUSH
1988,MINNESOTA,MN,27,41,33,US PRESIDENT,"DUKAKIS, MICHAEL",DEMOCRAT,False,1109471,2096790,20210113,,DEMOCRAT,0.529128334,DEMOCRAT,DUKAKIS
1988,MISSISSIPPI,MS,28,64,46,US PRESIDENT,"BUSH, GEORGE H.W.",REPUBLICAN,False,557890,931527,20210113,,REPUBLICAN,0.598898368,REPUBLICAN,BUSH
1988,MISSOURI,MO,29,43,34,US PRESIDENT,"BUSH, GEORGE H.W.",REPUBLICAN,False,1084953,2093228,20210113,,REPUBLICAN,0.518315731,REPUBLICAN,BUSH
1988,MONTANA,MT,30,81,64,US PRESIDENT,"BUSH, GEORGE H.W.",REPUBLICAN,False,190412,365674,20210113,,REPUBLICAN,0.520715173,REPUBLICAN,BUSH
1988,NEBRASKA,NE,31,46,35,US PRESIDENT,"BUSH, GEORGE H.W.",REPUBLICAN,False,397956,661465,20210113,,REPUBLICAN,0.601628204,REPUBLICAN,BUSH
1988,NEVADA,NV,32,88,65,US PRESIDENT,"BUSH, GEORGE H.W.",REPUBLICAN,False,206040,343133,20210113,,REPUBLICAN,0.600466874,REPUBLICAN,BUSH
1988,NEW HAMPSHIRE,NH,33,12,4,US PRESIDENT,"BUSH, GEORGE H.W.",REPUBLICAN,False,281537,450525,20210113,,REPUBLICAN,0.624908718,REPUBLICAN,BUSH
1988,NEW JERSEY,NJ,34,22,12,US PRESIDENT,"BUSH, GEORGE H.W.",REPUBLICAN,False,1743192,3099553,20210113,,REPUBLICAN,0.562401095,REPUBLICAN,BUSH
1988,NEW MEXICO,NM,35,85,66,US PRESIDENT,"BUSH, GEORGE H.W.",REPUBLICAN,False,270341,521387,20210113,,REPUBLICAN,0.51850353,REPUBLICAN,BUSH
1988,NEW YORK,NY,36,21,13,US PRESIDENT,"DUKAKIS, MICHAEL",DEMOCRAT,False,3255487,6485683,20210113,,DEMOCRAT,0.501949756,DEMOCRAT,DUKAKIS
1988,NORTH CAROLINA,NC,37,56,47,US PRESIDENT,"BUSH, GEORGE H.W.",REPUBLICAN,False,1237258,2134370,20210113,,REPUBLICAN,0.579682998,REPUBLICAN,BUSH
1988,NORTH DAKOTA,ND,38,44,36,US PRESIDENT,"BUSH, GEORGE H.W.",REPUBLICAN,False,166559,297261,20210113,,REPUBLICAN,0.560312318,REPUBLICAN,BUSH
1988,OHIO,OH,39,31,24,US PRESIDENT,"BUSH, GEORGE H.W.",REPUBLICAN,False,2416549,4393585,20210113,,REPUBLICAN,0.550017582,REPUBLICAN,BUSH
1988,OKLAHOMA,OK,40,73,53,US PRESIDENT,"BUSH, GEORGE H.W.",REPUBLICAN,False,678367,1171036,20210113,,REPUBLICAN,0.579287913,REPUBLICAN,BUSH
1988,OREGON,OR,41,92,72,US PRESIDENT,"DUKAKIS, MICHAEL",DEMOCRAT,False,616206,1201694,20210113,,DEMOCRAT,0.512781124,DEMOCRAT,DUKAKIS
1988,PENNSYLVANIA,PA,42,23,14,US PRESIDENT,"BUSH, GEORGE H.W.",REPUBLICAN,False,2300087,4536251,20210113,,REPUBLICAN,0.507045796,REPUBLICAN,BUSH
1988,RHODE ISLAND,RI,44,15,5,US PRESIDENT,"DUKAKIS, MICHAEL",DEMOCRAT,False,225123,404622,20210113,,DEMOCRAT,0.556378546,DEMOCRAT,DUKAKIS
1988,SOUTH CAROLINA,SC,45,57,48,US PRESIDENT,"BUSH, GEORGE H.W.",REPUBLICAN,False,606443,986009,20210113,,REPUBLICAN,0.615048139,REPUBLICAN,BUSH
1988,SOUTH DAKOTA,SD,46,45,37,US PRESIDENT,"BUSH, GEORGE H.W.",REPUBLICAN,False,165415,312991,20210113,,REPUBLICAN,0.528497625,REPUBLICAN,BUSH
1988,TENNESSEE,TN,47,62,54,US PRESIDENT,"BUSH, GEORGE H.W.",REPUBLICAN,False,947233,1636250,20210113,,REPUBLICAN,0.578904813,REPUBLICAN,BUSH
1988,TEXAS,TX,48,74,49,US PRESIDENT,"BUSH, GEORGE H.W.",REPUBLICAN,False,3036829,5427410,20210113,,REPUBLICAN,0.55953558,REPUBLICAN,BUSH
1988,UTAH,UT,49,87,67,US PRESIDENT,"BUSH, GEORGE H.W.",REPUBLICAN,False,428442,647008,20210113,,REPUBLICAN,0.662189648,REPUBLICAN,BUSH
1988,VERMONT,VT,50,13,6,US PRESIDENT,"BUSH, GEORGE H.W.",REPUBLICAN,False,124331,243328,20210113,,REPUBLICAN,0.510960514,REPUBLICAN,BUSH
1988,VIRGINIA,VA,51,54,40,US PRESIDENT,"BUSH, GEORGE H.W.",REPUBLICAN,False,1309162,2191609,20210113,,REPUBLICAN,0.597351991,REPUBLICAN,BUSH
1988,WASHINGTON,WA,53,91,73,US PRESIDENT,"DUKAKIS, MICHAEL",DEMOCRAT,False,933516,1865253,20210113,,DEMOCRAT,0.500476879,DEMOCRAT,DUKAKIS
1988,WEST VIRGINIA,WV,54,55,56,US PRESIDENT,"DUKAKIS, MICHAEL",DEMOCRAT,False,341016,653311,20210113,,DEMOCRAT,0.521981109,DEMOCRAT,DUKAKIS
1988,WISCONSIN,WI,55,35,25,US PRESIDENT,"DUKAKIS, MICHAEL",DEMOCRAT,False,1126794,2191608,20210113,,DEMOCRAT,0.514140302,DEMOCRAT,DUKAKIS
1988,WYOMING,WY,56,83,68,US PRESIDENT,"BUSH, GEORGE H.W.",REPUBLICAN,False,106867,176551,20210113,,REPUBLICAN,0.60530385,REPUBLICAN,BUSH
1984,ALABAMA,AL,1,63,41,US PRESIDENT,"REAGAN, RONALD",REPUBLICAN,False,872849,1441713,20210113,,REPUBLICAN,0.605424935,REPUBLICAN,REAGAN
1984,ALASKA,AK,2,94,81,US PRESIDENT,"REAGAN, RONALD",REPUBLICAN,False,138377,207605,20210113,,REPUBLICAN,0.666539823,REPUBLICAN,REAGAN
1984,ARIZONA,AZ,4,86,61,US PRESIDENT,"REAGAN, RONALD",REPUBLICAN,False,681416,1025897,20210113,,REPUBLICAN,0.664214829,REPUBLICAN,REAGAN
1984,ARKANSAS,AR,5,71,42,US PRESIDENT,"REAGAN, RONALD",REPUBLICAN,False,534774,884406,20210113,,REPUBLICAN,0.604670253,REPUBLICAN,REAGAN
1984,CALIFORNIA,CA,6,93,71,US PRESIDENT,"REAGAN, RONALD",REPUBLICAN,False,5467009,9505041,20210113,,REPUBLICAN,0.575169429,REPUBLICAN,REAGAN
1984,COLORADO,CO,8,84,62,US PRESIDENT,"REAGAN, RONALD",REPUBLICAN,False,821817,1295380,20210113,,REPUBLICAN,0.63442156,REPUBLICAN,REAGAN
1984,CONNECTICUT,CT,9,16,1,US PRESIDENT,"REAGAN, RONALD",REPUBLICAN,False,890877,1466900,20210113,,REPUBLICAN,0.607319517,REPUBLICAN,REAGAN
1984,DELAWARE,DE,10,51,11,US PRESIDENT,"REAGAN, RONALD",REPUBLICAN,False,152190,254572,20210113,,REPUBLICAN,0.597826941,REPUBLICAN,REAGAN
1984,DISTRICT OF COLUMBIA,DC,11,53,55,US PRESIDENT,"MONDALE, WALTER",DEMOCRAT,False,180408,211288,20210113,,DEMOCRAT,0.853848775,DEMOCRAT,MONDALE
1984,FLORIDA,FL,12,59,43,US PRESIDENT,"REAGAN, RONALD",REPUBLICAN,False,2730350,4180051,20210113,,REPUBLICAN,0.65318581,REPUBLICAN,REAGAN
1984,GEORGIA,GA,13,58,44,US PRESIDENT,"REAGAN, RONALD",REPUBLICAN,False,1068722,1776103,20210113,,REPUBLICAN,0.601722986,REPUBLICAN,REAGAN
1984,HAWAII,HI,15,95,82,US PRESIDENT,"REAGAN, RONALD",REPUBLICAN,False,185050,335846,20210113,,REPUBLICAN,0.550996588,REPUBLICAN,REAGAN
1984,IDAHO,ID,16,82,63,US PRESIDENT,"REAGAN, RONALD",REPUBLICAN,False,297523,411144,20210113,,REPUBLICAN,0.723646703,REPUBLICAN,REAGAN
1984,ILLINOIS,IL,17,33,21,US PRESIDENT,"REAGAN, RONALD",REPUBLICAN,False,2707103,4819088,20210113,,REPUBLICAN,0.561745915,REPUBLICAN,REAGAN
1984,INDIANA,IN,18,32,22,US PRESIDENT,"REAGAN, RONALD",REPUBLICAN,False,1377230,2233069,20210113,,REPUBLICAN,0.616743146,REPUBLICAN,REAGAN
1984,IOWA,IA,19,42,31,US PRESIDENT,"REAGAN, RONALD",REPUBLICAN,False,703088,1319805,20210113,,REPUBLICAN,0.532721122,REPUBLICAN,REAGAN
1984,KANSAS,KS,20,47,32,US PRESIDENT,"REAGAN, RONALD",REPUBLICAN,False,677296,1021991,20210113,,REPUBLICAN,0.662722079,REPUBLICAN,REAGAN
1984,KENTUCKY,KY,21,61,51,US PRESIDENT,"REAGAN, RONALD",REPUBLICAN,False,821702,1369345,20210113,,REPUBLICAN,0.600069376,REPUBLICAN,REAGAN
1984,LOUISIANA,LA,22,72,45,US PRESIDENT,"REAGAN, RONALD",REPUBLICAN,False,1037299,1706822,20210113,,REPUBLICAN,0.607737069,REPUBLICAN,REAGAN
1984,MAINE,ME,23,11,2,US PRESIDENT,"REAGAN, RONALD",REPUBLICAN,False,336500,553144,20210113,,REPUBLICAN,0.608340685,REPUBLICAN,REAGAN
1984,MARYLAND,MD,24,52,52,US PRESIDENT,"REAGAN, RONALD",REPUBLICAN,False,879918,1675873,20210113,,REPUBLICAN,0.525050526,REPUBLICAN,REAGAN
1984,MASSACHUSETTS,MA,25,14,3,US PRESIDENT,"REAGAN, RONALD",REPUBLICAN,False,1310936,2559383,20210113,,REPUBLICAN,0.512207825,REPUBLICAN,REAGAN
1984,MICHIGAN,MI,26,34,23,US PRESIDENT,"REAGAN, RONALD",REPUBLICAN,False,2251571,3801658,20210113,,REPUBLICAN,0.592260272,REPUBLICAN,REAGAN
1984,MINNESOTA,MN,27,41,33,US PRESIDENT,"MONDALE, WALTER",DEMOCRAT,False,1036364,2084449,20210113,,DEMOCRAT,0.497188466,DEMOCRAT,MONDALE
1984,MISSISSIPPI,MS,28,64,46,US PRESIDENT,"REAGAN, RONALD",REPUBLICAN,False,582377,941104,20210113,,REPUBLICAN,0.618823212,REPUBLICAN,REAGAN
1984,MISSOURI,MO,29,43,34,US PRESIDENT,"REAGAN, RONALD",REPUBLICAN,False,1274188,2122771,20210113,,REPUBLICAN,0.600247507,REPUBLICAN,REAGAN
1984,MONTANA,MT,30,81,64,US PRESIDENT,"REAGAN, RONALD",REPUBLICAN,False,232450,384377,20210113,,REPUBLICAN,0.604744821,REPUBLICAN,REAGAN
1984,NEBRASKA,NE,31,46,35,US PRESIDENT,"REAGAN, RONALD",REPUBLICAN,False,460054,652090,20210113,,REPUBLICAN,0.705506909,REPUBLICAN,REAGAN
1984,NEVADA,NV,32,88,65,US PRESIDENT,"REAGAN, RONALD",REPUBLICAN,False,188770,282717,20210113,,REPUBLICAN,0.667699502,REPUBLICAN,REAGAN
1984,NEW HAMPSHIRE,NH,33,12,4,US PRESIDENT,"REAGAN, RONALD",REPUBLICAN,False,267050,388904,20210113,,REPUBLICAN,0.686673318,REPUBLICAN,REAGAN
1984,NEW JERSEY,NJ,34,22,12,US PRESIDENT,"REAGAN, RONALD",REPUBLICAN,False,1933630,3217862,20210113,,REPUBLICAN,0.600905197,REPUBLICAN,REAGAN
1984,NEW MEXICO,NM,35,85,66,US PRESIDENT,"REAGAN, RONALD",REPUBLICAN,False,307101,514370,20210113,,REPUBLICAN,0.597042985,REPUBLICAN,REAGAN
1984,NEW YORK,NY,36,21,13,US PRESIDENT,"REAGAN, RONALD",REPUBLICAN,False,3376519,6806810,20210113,,REPUBLICAN,0.496050132,REPUBLICAN,REAGAN
1984,NORTH CAROLINA,NC,37,56,47,US PRESIDENT,"REAGAN, RONALD",REPUBLICAN,False,1346481,2175361,20210113,,REPUBLICAN,0.61896899,REPUBLICAN,REAGAN
1984,NORTH DAKOTA,ND,38,44,36,US PRESIDENT,"REAGAN, RONALD",REPUBLICAN,False,200336,308971,20210113,,REPUBLICAN,0.648397422,REPUBLICAN,REAGAN
1984,OHIO,OH,39,31,24,US PRESIDENT,"REAGAN, RONALD",REPUBLICAN,False,2678559,4563235,20210113,,REPUBLICAN,0.586986863,REPUBLICAN,REAGAN
1984,OKLAHOMA,OK,40,73,53,US PRESIDENT,"REAGAN, RONALD",REPUBLICAN,False,861530,1255676,20210113,,REPUBLICAN,0.686108518,REPUBLICAN,REAGAN
1984,OREGON,OR,41,92,72,US PRESIDENT,"REAGAN, RONALD",REPUBLICAN,False,685700,1226527,20210113,,REPUBLICAN,0.559058219,REPUBLICAN,REAGAN
1984,PENNSYLVANIA,PA,42,23,14,US PRESIDENT,"REAGAN, RONALD",REPUBLICAN,False,2584323,4844903,20210113,,REPUBLICAN,0.533410679,REPUBLICAN,REAGAN
1984,RHODE ISLAND,RI,44,15,5,US PRESIDENT,"REAGAN, RONALD",REPUBLICAN,False,212080,410489,20210113,,REPUBLICAN,0.516652091,REPUBLICAN,REAGAN
1984,SOUTH CAROLINA,SC,45,57,48,US PRESIDENT,"REAGAN, RONALD",REPUBLICAN,False,615539,968529,20210113,,REPUBLICAN,0.635540082,REPUBLICAN,REAGAN
1984,SOUTH DAKOTA,SD,46,45,37,US PRESIDENT,"REAGAN, RONALD",REPUBLICAN,False,200267,317867,20210113,,REPUBLICAN,0.630033945,REPUBLICAN,REAGAN
1984,TENNESSEE,TN,47,62,54,US PRESIDENT,"REAGAN, RONALD",REPUBLICAN,False,990212,1711993,20210113,,REPUBLICAN,0.578397225,REPUBLICAN,REAGAN
1984,TEXAS,TX,48,74,49,US PRESIDENT,"REAGAN, RONALD",REPUBLICAN,False,3433428,5397571,20210113,,REPUBLICAN,0.63610613,REPUBLICAN,REAGAN
1984,UTAH,UT,49,87,67,US PRESIDENT,"REAGAN, RONALD",REPUBLICAN,False,469105,629656,20210113,,REPUBLICAN,0.745017915,REPUBLICAN,REAGAN
1984,VERMONT,VT,50,13,6,US PRESIDENT,"REAGAN, RONALD",REPUBLICAN,False,135865,234561,20210113,,REPUBLICAN,0.579230989,REPUBLICAN,REAGAN
1984,VIRGINIA,VA,51,54,40,US PRESIDENT,"REAGAN, RONALD",REPUBLICAN,False,1337078,2146635,20210113,,REPUBLICAN,0.622871611,REPUBLICAN,REAGAN
1984,WASHINGTON,WA,53,91,73,US PRESIDENT,"REAGAN, RONALD",REPUBLICAN,False,1051670,1874910,20210113,,REPUBLICAN,0.560917591,REPUBLICAN,REAGAN
1984,WEST VIRGINIA,WV,54,55,56,US PRESIDENT,"REAGAN, RONALD",REPUBLICAN,False,405483,735742,20210113,,REPUBLICAN,0.551121181,REPUBLICAN,REAGAN
1984,WISCONSIN,WI,55,35,25,US PRESIDENT,"REAGAN, RONALD",REPUBLICAN,False,1198584,2211689,20210113,,REPUBLICAN,0.541931528,REPUBLICAN,REAGAN
1984,WYOMING,WY,56,83,68,US PRESIDENT,"REAGAN, RONALD",REPUBLICAN,False,133241,188968,20210113,,REPUBLICAN,0.705098218,REPUBLICAN,REAGAN
1980,ALABAMA,AL,1,63,41,US PRESIDENT,"REAGAN, RONALD",REPUBLICAN,False,654192,1341929,20210113,,REPUBLICAN,0.487501202,REPUBLICAN,REAGAN
1980,ALASKA,AK,2,94,81,US PRESIDENT,"REAGAN, RONALD",REPUBLICAN,False,86112,158445,20210113,,REPUBLICAN,0.543481965,REPUBLICAN,REAGAN
1980,ARIZONA,AZ,4,86,61,US PRESIDENT,"REAGAN, RONALD",REPUBLICAN,False,529688,873945,20210113,,REPUBLICAN,0.606088484,REPUBLICAN,REAGAN
1980,ARKANSAS,AR,5,71,42,US PRESIDENT,"REAGAN, RONALD",REPUBLICAN,False,403164,837582,20210113,,REPUBLICAN,0.481342722,REPUBLICAN,REAGAN
1980,CALIFORNIA,CA,6,93,71,US PRESIDENT,"REAGAN, RONALD",REPUBLICAN,False,4522994,8582938,20210113,,REPUBLICAN,0.526975029,REPUBLICAN,REAGAN
1980,COLORADO,CO,8,84,62,US PRESIDENT,"REAGAN, RONALD",REPUBLICAN,False,652264,1184450,20210113,,REPUBLICAN,0.550689349,REPUBLICAN,REAGAN
1980,CONNECTICUT,CT,9,16,1,US PRESIDENT,"REAGAN, RONALD",REPUBLICAN,False,677210,1406285,20210113,,REPUBLICAN,0.48155957,REPUBLICAN,REAGAN
1980,DELAWARE,DE,10,51,11,US PRESIDENT,"REAGAN, RONALD",REPUBLICAN,False,111252,235668,20210113,,REPUBLICAN,0.472070879,REPUBLICAN,REAGAN
1980,DISTRICT OF COLUMBIA,DC,11,53,55,US PRESIDENT,"CARTER, JIMMY",DEMOCRAT,False,130231,173889,20210113,,DEMOCRAT,0.74893179,DEMOCRAT,CARTER
1980,FLORIDA,FL,12,59,43,US PRESIDENT,"REAGAN, RONALD",REPUBLICAN,False,2046951,3686927,20210113,,REPUBLICAN,0.555191627,REPUBLICAN,REAGAN
1980,GEORGIA,GA,13,58,44,US PRESIDENT,"CARTER, JIMMY",DEMOCRAT,False,890955,1596805,20210113,,DEMOCRAT,0.557961053,DEMOCRAT,CARTER
1980,HAWAII,HI,15,95,82,US PRESIDENT,"CARTER, JIMMY",DEMOCRAT,False,135879,303287,20210113,,DEMOCRAT,0.448021181,DEMOCRAT,CARTER
1980,IDAHO,ID,16,82,63,US PRESIDENT,"REAGAN, RONALD",REPUBLICAN,False,290699,437431,20210113,,REPUBLICAN,0.664559668,REPUBLICAN,REAGAN
1980,ILLINOIS,IL,17,33,21,US PRESIDENT,"REAGAN, RONALD",REPUBLICAN,False,2358049,4749721,20210113,,REPUBLICAN,0.496460529,REPUBLICAN,REAGAN
1980,INDIANA,IN,18,32,22,US PRESIDENT,"REAGAN, RONALD",REPUBLICAN,False,1255656,2242033,20210113,,REPUBLICAN,0.560052417,REPUBLICAN,REAGAN
1980,IOWA,IA,19,42,31,US PRESIDENT,"REAGAN, RONALD",REPUBLICAN,False,676026,1317661,20210113,,REPUBLICAN,0.513050018,REPUBLICAN,REAGAN
1980,KANSAS,KS,20,47,32,US PRESIDENT,"REAGAN, RONALD",REPUBLICAN,False,566812,979795,20210113,,REPUBLICAN,0.578500605,REPUBLICAN,REAGAN
1980,KENTUCKY,KY,21,61,51,US PRESIDENT,"REAGAN, RONALD",REPUBLICAN,False,635274,1295627,20210113,,REPUBLICAN,0.490321674,REPUBLICAN,REAGAN
1980,LOUISIANA,LA,22,72,45,US PRESIDENT,"REAGAN, RONALD",REPUBLICAN,False,792853,1548591,20210113,,REPUBLICAN,0.511983474,REPUBLICAN,REAGAN
1980,MAINE,ME,23,11,2,US PRESIDENT,"REAGAN, RONALD",REPUBLICAN,False,238522,523011,20210113,,REPUBLICAN,0.456055418,REPUBLICAN,REAGAN
1980,MARYLAND,MD,24,52,52,US PRESIDENT,"CARTER, JIMMY",DEMOCRAT,False,726161,1540496,20210113,,DEMOCRAT,0.471381295,DEMOCRAT,CARTER
1980,MASSACHUSETTS,MA,25,14,3,US PRESIDENT,"REAGAN, RONALD",REPUBLICAN,False,1057631,2524090,20210113,,REPUBLICAN,0.419014774,REPUBLICAN,REAGAN
1980,MICHIGAN,MI,26,34,23,US PRESIDENT,"REAGAN, RONALD",REPUBLICAN,False,1915225,3909725,20210113,,REPUBLICAN,0.489861819,REPUBLICAN,REAGAN
1980,MINNESOTA,MN,27,41,33,US PRESIDENT,"CARTER, JIMMY",DEMOCRAT,False,954173,2051916,20210113,,DEMOCRAT,0.465015624,DEMOCRAT,CARTER
1980,MISSISSIPPI,MS,28,64,46,US PRESIDENT,"REAGAN, RONALD",REPUBLICAN,False,441089,891750,20210113,,REPUBLICAN,0.494633025,REPUBLICAN,REAGAN
1980,MISSOURI,MO,29,43,34,US PRESIDENT,"REAGAN, RONALD",REPUBLICAN,False,1074181,2099824,20210113,,REPUBLICAN,0.511557635,REPUBLICAN,REAGAN
1980,MONTANA,MT,30,81,64,US PRESIDENT,"REAGAN, RONALD",REPUBLICAN,False,206814,363952,20210113,,REPUBLICAN,0.568245263,REPUBLICAN,REAGAN
1980,NEBRASKA,NE,31,46,35,US PRESIDENT,"REAGAN, RONALD",REPUBLICAN,False,419214,639533,20210113,,REPUBLICAN,0.655500185,REPUBLICAN,REAGAN
1980,NEVADA,NV,32,88,65,US PRESIDENT,"REAGAN, RONALD",REPUBLICAN,False,155017,243692,20210113,,REPUBLICAN,0.636118543,REPUBLICAN,REAGAN
1980,NEW HAMPSHIRE,NH,33,12,4,US PRESIDENT,"REAGAN, RONALD",REPUBLICAN,False,221705,383990,20210113,,REPUBLICAN,0.577371807,REPUBLICAN,REAGAN
1980,NEW JERSEY,NJ,34,22,12,US PRESIDENT,"REAGAN, RONALD",REPUBLICAN,False,1546557,2975684,20210113,,REPUBLICAN,0.519731598,REPUBLICAN,REAGAN
1980,NEW MEXICO,NM,35,85,66,US PRESIDENT,"REAGAN, RONALD",REPUBLICAN,False,250779,456237,20210113,,REPUBLICAN,0.549668265,REPUBLICAN,REAGAN
1980,NEW YORK,NY,36,21,13,US PRESIDENT,"CARTER, JIMMY",DEMOCRAT,False,2728372,6201959,20210113,,DEMOCRAT,0.439920999,DEMOCRAT,CARTER
1980,NORTH CAROLINA,NC,37,56,47,US PRESIDENT,"REAGAN, RONALD",REPUBLICAN,False,915018,1855833,20210113,,REPUBLICAN,0.493049752,REPUBLICAN,REAGAN
1980,NORTH DAKOTA,ND,38,44,36,US PRESIDENT,"REAGAN, RONALD",REPUBLICAN,False,193695,301116,20210113,,REPUBLICAN,0.643257084,REPUBLICAN,REAGAN
1980,OHIO,OH,39,31,24,US PRESIDENT,"REAGAN, RONALD",REPUBLICAN,False,2206545,4283603,20210113,,REPUBLICAN,0.515114262,REPUBLICAN,REAGAN
1980,OKLAHOMA,OK,40,73,53,US PRESIDENT,"REAGAN, RONALD",REPUBLICAN,False,695570,1149708,20210113,,REPUBLICAN,0.604997095,REPUBLICAN,REAGAN
1980,OREGON,OR,41,92,72,US PRESIDENT,"REAGAN, RONALD",REPUBLICAN,False,571044,1181516,20210113,,REPUBLICAN,0.483314657,REPUBLICAN,REAGAN
1980,PENNSYLVANIA,PA,42,23,14,US PRESIDENT,"REAGAN, RONALD",REPUBLICAN,False,2261872,4561501,20210113,,REPUBLICAN,0.49586134,REPUBLICAN,REAGAN
1980,RHODE ISLAND,RI,44,15,5,US PRESIDENT,"CARTER, JIMMY",DEMOCRAT,False,198342,415967,20210113,,DEMOCRAT,0.476821479,DEMOCRAT,CARTER
1980,SOUTH CAROLINA,SC,45,57,48,US PRESIDENT,"REAGAN, RONALD",REPUBLICAN,False,439277,888258,20210113,,REPUBLICAN,0.494537623,REPUBLICAN,REAGAN
1980,SOUTH DAKOTA,SD,46,45,37,US PRESIDENT,"REAGAN, RONALD",REPUBLICAN,False,198343,327703,20210113,,REPUBLICAN,0.605252317,REPUBLICAN,REAGAN
1980,TENNESSEE,TN,47,62,54,US PRESIDENT,"REAGAN, RONALD",REPUBLICAN,False,787761,1617616,20210113,,REPUBLICAN,0.486988877,REPUBLICAN,REAGAN
1980,TEXAS,TX,48,74,49,US PRESIDENT,"REAGAN, RONALD",REPUBLICAN,False,2510705,4541636,20210113,,REPUBLICAN,0.552819513,REPUBLICAN,REAGAN
1980,UTAH,UT,49,87,67,US PRESIDENT,"REAGAN, RONALD",REPUBLICAN,False,439687,604152,20210113,,REPUBLICAN,0.72777546,REPUBLICAN,REAGAN
1980,VERMONT,VT,50,13,6,US PRESIDENT,"REAGAN, RONALD",REPUBLICAN,False,94628,213299,20210113,,REPUBLICAN,0.443640148,REPUBLICAN,REAGAN
1980,VIRGINIA,VA,51,54,40,US PRESIDENT,"REAGAN, RONALD",REPUBLICAN,False,989609,1866032,20210113,,REPUBLICAN,0.53032799,REPUBLICAN,REAGAN
1980,WASHINGTON,WA,53,91,73,US PRESIDENT,"REAGAN, RONALD",REPUBLICAN,False,865244,1742394,20210113,,REPUBLICAN,0.496583436,REPUBLICAN,REAGAN
1980,WEST VIRGINIA,WV,54,55,56,US PRESIDENT,"CARTER, JIMMY",DEMOCRAT,False,367462,737715,20210113,,DEMOCRAT,0.498108348,DEMOCRAT,CARTER
1980,WISCONSIN,WI,55,35,25,US PRESIDENT,"REAGAN, RONALD",REPUBLICAN,False,1088845,2273221,20210113,,REPUBLICAN,0.478987745,REPUBLICAN,REAGAN
1980,WYOMING,WY,56,83,68,US PRESIDENT,"REAGAN, RONALD",REPUBLICAN,False,110700,176713,20210113,,REPUBLICAN,0.626439481,REPUBLICAN,REAGAN
1976,ALABAMA,AL,1,63,41,US PRESIDENT,"CARTER, JIMMY",DEMOCRAT,False,659170,1182850,20210113,,DEMOCRAT,0.557272689,DEMOCRAT,CARTER
1976,ALASKA,AK,2,94,81,US PRESIDENT,"FORD, GERALD",REPUBLICAN,False,71555,123574,20210113,,REPUBLICAN,0.579045754,REPUBLICAN,FORD
1976,ARIZONA,AZ,4,86,61,US PRESIDENT,"FORD, GERALD",REPUBLICAN,False,418642,742719,20210113,,REPUBLICAN,0.563661358,REPUBLICAN,FORD
1976,ARKANSAS,AR,5,71,42,US PRESIDENT,"CARTER, JIMMY",DEMOCRAT,False,498604,767535,20210113,,DEMOCRAT,0.649617281,DEMOCRAT,CARTER
1976,CALIFORNIA,CA,6,93,71,US PRESIDENT,"FORD, GERALD",REPUBLICAN,False,3882244,7803770,20210113,,REPUBLICAN,0.49748314,REPUBLICAN,FORD
1976,COLORADO,CO,8,84,62,US PRESIDENT,"FORD, GERALD",REPUBLICAN,False,584278,1081440,20210113,,REPUBLICAN,0.540277778,REPUBLICAN,FORD
1976,CONNECTICUT,CT,9,16,1,US PRESIDENT,"FORD, GERALD",REPUBLICAN,False,719261,1386355,20210113,,REPUBLICAN,0.518814445,REPUBLICAN,FORD
1976,DELAWARE,DE,10,51,11,US PRESIDENT,"CARTER, JIMMY",DEMOCRAT,False,122461,235642,20210113,,DEMOCRAT,0.519690887,DEMOCRAT,CARTER
1976,DISTRICT OF COLUMBIA,DC,11,53,55,US PRESIDENT,"CARTER, JIMMY",DEMOCRAT,False,137818,168830,20210113,,DEMOCRAT,0.816312267,DEMOCRAT,CARTER
1976,FLORIDA,FL,12,59,43,US PRESIDENT,"CARTER, JIMMY",DEMOCRAT,False,1636000,3150631,20210113,,DEMOCRAT,0.519261062,DEMOCRAT,CARTER
1976,GEORGIA,GA,13,58,44,US PRESIDENT,"CARTER, JIMMY",DEMOCRAT,False,979409,1463152,20210113,,DEMOCRAT,0.669382949,DEMOCRAT,CARTER
1976,HAWAII,HI,15,95,82,US PRESIDENT,"CARTER, JIMMY",DEMOCRAT,False,147375,291301,20210113,,DEMOCRAT,0.505919993,DEMOCRAT,CARTER
1976,IDAHO,ID,16,82,63,US PRESIDENT,"FORD, GERALD",REPUBLICAN,False,204151,340932,20210113,,REPUBLICAN,0.598802694,REPUBLICAN,FORD
1976,ILLINOIS,IL,17,33,21,US PRESIDENT,"FORD, GERALD",REPUBLICAN,False,2364269,4721282,20210113,,REPUBLICAN,0.500768435,REPUBLICAN,FORD
1976,INDIANA,IN,18,32,22,US PRESIDENT,"FORD, GERALD",REPUBLICAN,False,1183958,2220362,20210113,,REPUBLICAN,0.533227465,REPUBLICAN,FORD
1976,IOWA,IA,19,42,31,US PRESIDENT,"FORD, GERALD",REPUBLICAN,False,632864,1279303,20210113,,REPUBLICAN,0.494694377,REPUBLICAN,FORD
1976,KANSAS,KS,20,47,32,US PRESIDENT,"FORD, GERALD",REPUBLICAN,False,502752,957845,20210113,,REPUBLICAN,0.524878242,REPUBLICAN,FORD
1976,KENTUCKY,KY,21,61,51,US PRESIDENT,"CARTER, JIMMY",DEMOCRAT,False,615717,1167142,20210113,,DEMOCRAT,0.527542493,DEMOCRAT,CARTER
1976,LOUISIANA,LA,22,72,45,US PRESIDENT,"CARTER, JIMMY",DEMOCRAT,False,661365,1277383,20210113,,DEMOCRAT,0.517749962,DEMOCRAT,CARTER
1976,MAINE,ME,23,11,2,US PRESIDENT,"FORD, GERALD",REPUBLICAN,False,236320,482968,20210113,,REPUBLICAN,0.48930778,REPUBLICAN,FORD
1976,MARYLAND,MD,24,52,52,US PRESIDENT,"CARTER, JIMMY",DEMOCRAT,False,759612,1432273,20210113,,DEMOCRAT,0.530354199,DEMOCRAT,CARTER
1976,MASSACHUSETTS,MA,25,14,3,US PRESIDENT,"CARTER, JIMMY",DEMOCRAT,False,1429475,2547558,20210113,,DEMOCRAT,0.561115782,DEMOCRAT,CARTER
1976,MICHIGAN,MI,26,34,23,US PRESIDENT,"FORD, GERALD",REPUBLICAN,False,1893742,3651590,20210113,,REPUBLICAN,0.518607511,REPUBLICAN,FORD
1976,MINNESOTA,MN,27,41,33,US PRESIDENT,"CARTER, JIMMY",DEMOCRAT,False,1070440,1949931,20210113,,DEMOCRAT,0.548963015,DEMOCRAT,CARTER
1976,MISSISSIPPI,MS,28,64,46,US PRESIDENT,"CARTER, JIMMY",DEMOCRAT,False,381329,768390,20210113,,DEMOCRAT,0.496270123,DEMOCRAT,CARTER
1976,MISSOURI,MO,29,43,34,US PRESIDENT,"CARTER, JIMMY",DEMOCRAT,False,998387,1953600,20210113,,DEMOCRAT,0.511049857,DEMOCRAT,CARTER
1976,MONTANA,MT,30,81,64,US PRESIDENT,"FORD, GERALD",REPUBLICAN,False,173703,328734,20210113,,REPUBLICAN,0.528399861,REPUBLICAN,FORD
1976,NEBRASKA,NE,31,46,35,US PRESIDENT,"FORD, GERALD",REPUBLICAN,False,359219,606749,20210113,,REPUBLICAN,0.592038883,REPUBLICAN,FORD
1976,NEVADA,NV,32,88,65,US PRESIDENT,"FORD, GERALD",REPUBLICAN,False,101273,201876,20210113,,REPUBLICAN,0.501659435,REPUBLICAN,FORD
1976,NEW HAMPSHIRE,NH,33,12,4,US PRESIDENT,"FORD, GERALD",REPUBLICAN,False,185935,339627,20210113,,REPUBLICAN,0.547468252,REPUBLICAN,FORD
1976,NEW JERSEY,NJ,34,22,12,US PRESIDENT,"FORD, GERALD",REPUBLICAN,False,1509688,3014472,20210113,,REPUBLICAN,0.500813409,REPUBLICAN,FORD
1976,NEW MEXICO,NM,35,85,66,US PRESIDENT,"FORD, GERALD",REPUBLICAN,False,211419,416590,20210113,,REPUBLICAN,0.50749898,REPUBLICAN,FORD
1976,NEW YORK,NY,36,21,13,US PRESIDENT,"CARTER, JIMMY",DEMOCRAT,False,3244165,6668262,20210113,,DEMOCRAT,0.486508329,DEMOCRAT,CARTER
1976,NORTH CAROLINA,NC,37,56,47,US PRESIDENT,"CARTER, JIMMY",DEMOCRAT,False,927365,1677906,20210113,,DEMOCRAT,0.552691867,DEMOCRAT,CARTER
1976,NORTH DAKOTA,ND,38,44,36,US PRESIDENT,"FORD, GERALD",REPUBLICAN,False,153684,297308,20210113,,REPUBLICAN,0.516918482,REPUBLICAN,FORD
1976,OHIO,OH,39,31,24,US PRESIDENT,"CARTER, JIMMY",DEMOCRAT,False,2009959,4110456,20210113,,DEMOCRAT,0.488986867,DEMOCRAT,CARTER
1976,OKLAHOMA,OK,40,73,53,US PRESIDENT,"FORD, GERALD",REPUBLICAN,False,545708,1092251,20210113,,REPUBLICAN,0.499617762,REPUBLICAN,FORD
1976,OREGON,OR,41,92,72,US PRESIDENT,"FORD, GERALD",REPUBLICAN,False,492120,1029876,20210113,,REPUBLICAN,0.477843935,REPUBLICAN,FORD
1976,PENNSYLVANIA,PA,42,23,14,US PRESIDENT,"CARTER, JIMMY",DEMOCRAT,False,2328677,4620787,20210113,,DEMOCRAT,0.503956794,DEMOCRAT,CARTER
1976,RHODE ISLAND,RI,44,15,5,US PRESIDENT,"CARTER, JIMMY",DEMOCRAT,False,227636,410584,20210113,,DEMOCRAT,0.554420046,DEMOCRAT,CARTER
1976,SOUTH CAROLINA,SC,45,57,48,US PRESIDENT,"CARTER, JIMMY",DEMOCRAT,False,450807,802583,20210113,,DEMOCRAT,0.561695177,DEMOCRAT,CARTER
1976,SOUTH DAKOTA,SD,46,45,37,US PRESIDENT,"FORD, GERALD",REPUBLICAN,False,151505,300678,20210113,,REPUBLICAN,0.503877903,REPUBLICAN,FORD
1976,TENNESSEE,TN,47,62,54,US PRESIDENT,"CARTER, JIMMY",DEMOCRAT,False,825879,1476346,20210113,,DEMOCRAT,0.559407483,DEMOCRAT,CARTER
1976,TEXAS,TX,48,74,49,US PRESIDENT,"CARTER, JIMMY",DEMOCRAT,False,2082319,4071884,20210113,,DEMOCRAT,0.511389568,DEMOCRAT,CARTER
1976,UTAH,UT,49,87,67,US PRESIDENT,"FORD, GERALD",REPUBLICAN,False,337908,541218,20210113,,REPUBLICAN,0.624347306,REPUBLICAN,FORD
1976,VERMONT,VT,50,13,6,US PRESIDENT,"FORD, GERALD",REPUBLICAN,False,100387,183902,20210113,,REPUBLICAN,0.545872258,REPUBLICAN,FORD
1976,VIRGINIA,VA,51,54,40,US PRESIDENT,"FORD, GERALD",REPUBLICAN,False,836554,1697094,20210113,,REPUBLICAN,0.492933214,REPUBLICAN,FORD
1976,WASHINGTON,WA,53,91,73,US PRESIDENT,"FORD, GERALD",REPUBLICAN,False,777732,1555534,20210113,,REPUBLICAN,0.4999775,REPUBLICAN,FORD
1976,WEST VIRGINIA,WV,54,55,56,US PRESIDENT,"CARTER, JIMMY",DEMOCRAT,False,435864,750590,20210113,,DEMOCRAT,0.580695186,DEMOCRAT,CARTER
1976,WISCONSIN,WI,55,35,25,US PRESIDENT,"CARTER, JIMMY",DEMOCRAT,False,1040232,2101336,20210113,,DEMOCRAT,0.495033636,DEMOCRAT,CARTER
1976,WYOMING,WY,56,83,68,US PRESIDENT,"FORD, GERALD",REPUBLICAN,False,92717,156343,20210113,,REPUBLICAN,0.593035825,REPUBLICAN,FORD
